Time (seconds),X,Y,Z
0.0,0.4213795065879822,-9.897629737854004,-1.1109095811843872
0.02,0.2849099934101105,-9.93593692779541,-1.381454348564148
0.04,0.4309563040733337,-9.646238327026367,-1.644816517829895
0.06,0.4189853072166443,-9.77791976928711,-1.6903064250946045
0.08,0.4836287498474121,-9.732429504394531,-1.3718775510787964
0.1,0.4525041282176971,-9.983820915222168,-1.2066776752471924
0.12,0.545877993106842,-9.81143856048584,-1.2976573705673218
0.14,0.545877993106842,-9.77791976928711,-1.292868971824646
0.16,0.5171475410461426,-9.828198432922363,-1.4939818382263184
0.18,0.545877993106842,-9.804255485534668,-1.4077905416488647
0.2,0.4764461517333984,-9.8784761428833,-1.486799240112305
0.22,0.4381389021873474,-9.986215591430664,-1.3742717504501345
0.24,0.4955997467041015,-9.914389610290527,-1.3958195447921753
0.26,0.4764461517333984,-9.670180320739746,-1.2545616626739502
0.28,0.4932055473327636,-9.854534149169922,-1.3934253454208374
0.3,0.4908113479614258,-9.883264541625977,-1.273715257644653
0.32,0.5051765441894531,-9.84495735168457,-1.3455413579940796
0.34,0.5626373887062073,-10.002974510192873,-1.292868971824646
0.36,0.4477157294750213,-9.995792388916016,-1.1420341730117798
0.38,0.4285621047019958,-9.87608242034912,-1.292868971824646
0.4,0.4764461517333984,-9.739612579345703,-1.3670891523361206
0.42,0.4213795065879822,-9.765948295593262,-1.3623007535934448
0.44,0.5123591423034668,-9.864110946655272,-1.316810965538025
0.46,0.5027823448181152,-9.871294021606444,-1.436521053314209
0.48,0.5291185975074768,-9.938331604003906,-1.3287819623947144
0.5,0.5937620401382446,-9.861717224121094,-1.2473790645599363
0.52,0.4405331015586853,-9.93354320526123,-1.3407529592514038
0.54,0.4381389021873474,-9.976638793945312,-1.436521053314209
0.56,0.4596867263317108,-9.840168952941896,-1.3646949529647827
0.58,0.4644751250743866,-9.773131370544434,-1.4197616577148438
0.6,0.4644751250743866,-9.706093788146973,-1.3670891523361206
0.62,0.4764461517333984,-9.871294021606444,-1.2832920551300049
0.64,0.48602294921875,-9.849745750427246,-1.359906554222107
0.66,0.4070142805576324,-10.079588890075684,-1.501164436340332
0.68,0.5123591423034668,-9.971850395202637,-1.482010841369629
0.7,0.5171475410461426,-9.86650562286377,-1.482010841369629
0.72,0.5003881454467773,-9.773131370544434,-1.3934253454208374
0.74,0.5147533416748047,-9.77791976928711,-1.4460978507995603
0.76,0.4668693244457245,-9.78749656677246,-1.357512354850769
0.78,0.4333505034446716,-9.892841339111328,-1.4053963422775269
0.8,0.4884171485900879,-9.943120002746582,-1.4437036514282229
0.82,0.5051765441894531,-9.959878921508787,-1.4317326545715332
0.84,0.5147533416748047,-9.734824180603027,-1.359906554222107
0.86,0.4884171485900879,-9.806650161743164,-1.4772224426269531
0.88,0.5195417404174805,-9.921571731567385,-1.2880805730819702
0.9,0.5219359993934631,-9.75397777557373,-1.4413094520568848
0.92,0.4620809257030487,-9.859322547912598,-1.381454348564148
0.94,0.4022258818149566,-9.830592155456545,-1.414973258972168
0.96,0.5626373887062073,-9.9000244140625,-1.4652514457702637
0.98,0.4596867263317108,-10.050858497619627,-1.4460978507995603
1.0,0.3519476354122162,-10.271124839782717,-1.2330138683319092
1.02,0.2825157940387726,-10.096348762512209,-0.8044517636299133
1.04,0.3734954595565796,-10.125079154968262,-0.8690952062606812
1.06,0.2873041927814483,-9.983820915222168,-1.1300631761550903
1.08,0.2011129409074783,-9.684545516967772,-1.094150185585022
1.1,0.2202665507793426,-9.667786598205566,-0.8212111592292786
1.12,0.1915361285209655,-9.909601211547852,-0.7038952708244324
1.14,0.2896983921527862,-9.880870819091797,-0.7565677165985107
1.16,0.2896983921527862,-9.938331604003906,-1.1492167711257937
1.18,0.3758896589279175,-9.885659217834473,-1.2832920551300049
1.2,0.4764461517333984,-9.86889934539795,-1.292868971824646
1.22,0.5219359993934631,-9.318233489990234,-0.9433154463768004
1.24,0.332794040441513,-9.799467086791992,-0.7565677165985107
1.26,0.3543418645858764,-9.557653427124023,-1.778891921043396
1.28,0.0095768067985773,-9.5624418258667,-2.7246015071868896
1.3,0.0143652101978659,-9.583989143371582,-2.6384103298187256
1.32,0.071826048195362,-9.588777542114258,-2.647987127304077
1.34,0.0311246216297149,-9.591172218322754,-2.767697095870972
1.36,0.0383072271943092,-9.634267807006836,-2.851494312286377
1.38,-0.0167594123631715,-9.567230224609377,-2.82515811920166
1.4,0.0143652101978659,-9.50498104095459,-2.6575639247894287
1.42,0.0766144543886184,-9.48343276977539,-2.595314741134644
1.44,0.090979665517807,-9.5408935546875,-2.6240451335906982
1.46,0.0622492432594299,-9.44991397857666,-2.7246015071868896
1.48,-0.0143652101978659,-9.643844604492188,-3.021482467651367
1.5,-0.0430956296622753,-9.490615844726562,-2.808398485183716
1.52,0.0095768067985773,-9.536105155944824,-2.815581083297729
1.54,-0.0837970599532127,-9.627084732055664,-2.3056161403656006
1.56,0.2059013396501541,-10.268731117248535,-2.477998733520508
1.58,-0.0143652101978659,-9.8784761428833,-2.3343467712402344
1.6,-0.059855043888092,-9.481039047241213,-2.078166961669922
1.62,-0.090979665517807,-10.11789608001709,-2.166752576828003
1.64,-0.2466027736663818,-9.299078941345217,-2.10210919380188
1.66,-0.3351882398128509,-9.390059471130373,-1.8962076902389529
1.68,-0.2920926213264465,-9.703699111938477,-2.365471363067627
1.7,-0.181959331035614,-9.375694274902344,-2.7940332889556885
1.72,-0.1244984865188598,-9.677363395690918,-2.932897090911865
1.74,-0.0502782352268695,-9.466673851013184,-2.7748796939849854
1.76,-0.1077390760183334,-9.50498104095459,-2.669534921646118
1.78,0.0167594123631715,-9.442731857299805,-2.853888511657715
1.8,0.0502782352268695,-9.35654067993164,-3.0334534645080566
1.82,0.1675941199064254,-9.39245319366455,-3.2321722507476807
1.84,0.241814374923706,-9.48343276977539,-3.201047658920288
1.86,0.2466027736663818,-9.457097053527832,-3.05260705947876
1.88,0.1412578970193863,-9.244012832641602,-3.241749048233032
1.9,0.1436520963907241,-9.476250648498535,-3.380612850189209
1.92,0.1915361285209655,-9.07641887664795,-3.598485231399536
1.94,0.1963245421648025,-9.165003776550291,-3.797203779220581
1.96,0.1388636976480484,-9.07641887664795,-3.9217023849487305
1.98,0.0047884033992886,-9.074024200439451,-3.955221176147461
2.0,0.1101332753896713,-9.062053680419922,-3.914519786834717
2.02,-0.071826048195362,-9.639056205749512,-2.695871114730835
2.04,-2.6886885166168213,0.4884171485900879,9.311050415039062
2.06,-2.353500366210937,0.4477157294750213,8.4108304977417
2.08,-2.27209734916687,0.7709329724311829,7.955932140350342
2.1,-2.138022184371948,0.181959331035614,7.790732383728027
2.12,-2.2026655673980717,0.0526724383234977,7.316680431365967
2.14,-1.994369983673096,-1.1827356815338137,7.601590633392334
2.16,-1.821987509727478,-2.1308395862579346,7.975085735321045
2.18,-1.558625340461731,-3.110068082809448,7.536946773529053
2.2,-1.7286136150360107,-3.550601005554199,7.575253963470459
2.22,-0.8355764150619507,-10.390835762023926,8.875306129455566
2.24,0.1412578970193863,-4.106055736541748,9.50498104095459
2.26,-0.5985504388809204,-6.607996463775635,6.40927791595459
2.28,0.3256114423274994,-8.145073890686035,6.100425720214844
2.3,0.9193734526634216,-8.789113998413086,6.540958881378174
2.32,0.1388636976480484,-7.994239330291748,7.515398979187012
2.34,-0.9145850539207458,-6.490680694580078,6.947973251342773
2.36,-1.0031704902648926,-6.825869083404541,6.555324077606201
2.38,-1.2018892765045166,-6.598419666290283,6.519411087036133
2.4,-1.6831238269805908,-6.837840080261231,6.406883716583252
2.42,-0.9457096457481384,-5.896918773651123,9.062053680419922
2.44,-4.639962673187256,-5.03021764755249,9.210494041442873
2.46,-3.993528366088867,-10.47942066192627,8.932766914367676
2.48,-1.8722656965255735,-14.587870597839355,7.474697589874268
2.5,-1.6950948238372805,-12.416330337524414,7.515398979187012
2.52,-3.584120035171509,-6.904877662658691,7.541735172271728
2.54,-5.4252610206604,-2.999934673309326,6.993463039398193
2.56,-5.992686748504639,-3.44765043258667,6.382941722869873
2.58,-6.112396717071533,-5.896918773651123,6.600813865661621
2.6,-6.01423454284668,-11.331756591796877,5.432443618774414
2.62,-5.114014625549316,-12.306197166442873,3.4739866256713867
2.64,-4.474762916564941,-8.719682693481445,3.885789394378662
2.66,-4.596867084503174,-4.352658748626709,5.013458251953125
2.68,-4.395754337310791,-3.7876269817352295,4.01268196105957
2.7,-3.974374771118164,-5.233725070953369,2.3558945655822754
2.72,-3.220201253890991,-5.303156852722168,-0.5219359993934631
2.74,-5.195417881011963,-4.273650169372559,-0.2466027736663818
2.76,-13.24472427368164,-7.043741226196289,10.393229484558104
2.78,-17.3603572845459,1.0534487962722778,0.1364694982767105
2.8,-8.418013572692871,-3.0358476638793945,0.3902548849582672
2.82,-4.07014274597168,-4.879383087158203,2.382230758666992
2.84,-5.980715751647949,-5.839457988739014,1.7094600200653076
2.86,-7.85537576675415,-7.0988078117370605,1.6424223184585571
2.88,-9.229647636413574,-6.277596950531006,1.781286120414734
2.9,-8.288725852966309,-7.520187377929687,-0.4572925269603729
2.92,-9.275136947631836,-2.085349798202514,-0.8331822156906128
2.94,-10.029311180114746,-2.6862943172454834,0.2274491637945175
2.96,-9.026140213012695,-4.4292731285095215,-0.5889736413955688
2.98,-8.999804496765137,-3.964797973632813,-0.2801215946674347
3.0,-8.89445972442627,-4.616020679473877,-0.7015010714530945
3.02,-9.459490776062012,-3.620033025741577,-1.843535304069519
3.04,-8.212111473083496,-3.6104562282562256,-1.0654197931289673
3.06,-9.423578262329102,-4.572925090789795,-1.58256733417511
3.08,-9.119514465332031,-3.955221176147461,-3.090914487838745
3.1,-9.481039047241213,-4.082113742828369,-2.7772738933563232
3.12,-9.725247383117676,-4.472368717193604,-1.4652514457702637
3.14,-9.825803756713867,-3.57214903831482,-1.2521674633026123
3.16,-11.152191162109377,-4.010287761688232,-1.1013327836990356
3.18,-12.24155330657959,-3.0550012588500977,-2.3295583724975586
3.2,-16.03636360168457,-4.747702121734619,0.6919242739677429
3.22,-19.25656509399414,-7.328651428222656,1.8794482946395876
3.24,-20.75772857666016,-7.680599212646484,3.3016040325164795
3.26,-19.213468551635746,-3.4524388313293457,1.115697979927063
3.28,-15.634137153625488,-1.869871497154236,-0.1268926858901977
3.3,-11.59990692138672,4.972756862640381,-7.2113356590271
3.32,-9.914389610290527,6.775590896606445,-8.365341186523438
3.34,-9.327810287475586,6.189011573791504,-7.527369976043701
3.36,-8.834604263305664,3.488351821899414,-5.492298603057861
3.38,-8.446743965148926,1.1971008777618408,-5.272032260894775
3.4,-7.874529361724853,2.748543500900269,-3.047818660736084
3.42,-8.274360656738281,4.680664539337158,-1.9560627937316892
3.44,-8.001421928405762,4.6950297355651855,-1.1228805780410769
3.46,-6.98628044128418,1.2689268589019775,-0.1292868852615356
3.48,-6.97430944442749,-0.2513911724090576,1.1659762859344482
3.5,-6.885724067687988,-0.304063618183136,1.4844050407409668
3.52,-6.4380083084106445,0.1699883192777633,1.434126853942871
3.54,-6.033388137817383,0.0837970599532127,1.2641384601593018
3.56,-5.999869346618652,-0.5674257874488831,1.1492167711257937
3.58,-6.2632317543029785,-1.781286120414734,1.158793568611145
3.6,-6.035782337188721,-2.1164743900299072,1.3239935636520386
3.62,-6.112396717071533,-2.568978309631348,1.115697979927063
3.64,-6.428431510925293,-3.0190882682800293,1.070208191871643
3.66,-6.452373504638672,-3.050212860107422,1.1659762859344482
3.68,-6.885724067687988,-3.1483752727508545,1.2449848651885986
3.7,-7.204153060913086,-3.064578056335449,1.4437036514282229
3.72,-7.1490864753723145,-3.0358476638793945,1.534683346748352
3.74,-7.091625213623047,-2.853888511657715,1.821987509727478
3.76,-7.489062786102295,-3.201047658920288,1.915361404418945
3.78,-7.515398979187012,-3.1531636714935303,2.188300371170044
3.8,-7.386112213134766,-3.2537200450897217,2.5115175247192383
3.82,-7.654263019561768,-3.380612850189209,2.75812029838562
3.84,-7.723694801330566,-3.3231520652771,2.928108692169189
3.86,-8.063671112060547,-3.409343242645264,3.201047658920288
3.88,-8.149862289428711,-3.16513466835022,3.598485231399536
3.9,-7.817068576812744,-2.882618904113769,3.823540210723877
3.92,-7.86734676361084,-2.964021682739258,3.804386615753174
3.94,-8.226476669311523,-3.1220390796661377,4.0533833503723145
3.96,-8.317456245422363,-3.098097085952759,3.971980571746826
3.98,-8.803479194641113,-3.2082302570343018,4.134786128997803
4.0,-9.588777542114258,-3.045424461364746,4.32871675491333
4.02,-10.843339920043944,-2.913743495941162,4.14915132522583
4.04,-10.80742645263672,-2.5498247146606445,4.146757125854492
4.06,-10.046070098876951,-3.129221677780152,4.039018154144287
4.08,-9.150638580322266,-3.457227230072021,4.015076160430908
4.1,-8.635885238647461,-4.316745758056641,3.8953661918640137
4.12,-8.123526573181152,-4.989516258239746,3.6750996112823486
4.14,-7.915230751037598,-5.236119270324707,3.663128614425659
4.16,-7.450755596160889,-5.264849662780762,3.5051112174987797
4.18,-7.072471618652344,-5.549759387969971,3.3949780464172363
4.2,-6.66785192489624,-5.418078422546387,3.359065055847168
4.22,-6.426037311553955,-5.422866821289063,3.2393548488616943
4.24,-6.50025749206543,-6.078877925872803,3.383007049560547
4.26,-6.768408298492432,-6.332663536071777,3.1938650608062744
4.28,-6.641515731811523,-6.016628742218018,2.8395233154296875
4.3,-6.615179061889648,-6.119579315185547,2.604891538619995
4.32,-5.904101371765137,-5.590460777282715,2.894589900970459
4.34,-5.135562419891357,-6.01423454284668,3.806780815124512
4.36,-4.410119533538818,-6.701370716094971,4.606443881988525
4.38,-4.106055736541748,-7.615955829620361,5.066130638122559
4.4,-3.83072280883789,-7.838616371154785,5.509057998657227
4.42,-3.6774938106536874,-7.790732383728027,5.808333396911621
4.44,-3.6320040225982666,-7.627926826477051,6.160281181335449
4.46,-3.6320040225982666,-7.618350028991699,6.414066314697266
4.48,-3.641580820083618,-7.223306655883789,6.481103897094727
4.5,-3.541024208068848,-7.347805023193359,6.380547523498535
4.52,-3.3662476539611816,-7.65186882019043,6.512228488922119
4.54,-2.930502891540528,-8.346187591552734,6.449979305267334
4.56,-2.8778305053710938,-8.638279914855957,7.017405033111572
4.58,-2.432508945465088,-8.161833763122559,7.65186882019043
4.6,-2.437297344207764,-7.630321025848389,8.310274124145508
4.62,-2.518700122833252,-7.393294811248779,8.288725852966309
4.64,-2.346317768096924,-6.947973251342773,8.322244644165039
4.66,-2.3127987384796143,-7.108384609222412,8.125920295715332
4.68,-2.3774423599243164,-6.830657482147217,8.40843677520752
4.7,-2.1787235736846924,-6.294356346130371,8.62630844116211
4.72,-2.0207061767578125,-5.686229228973389,8.9064302444458
4.74,-2.049436569213867,-5.264849662780762,9.160215377807615
4.76,-2.0159177780151367,-4.948814868927002,9.301473617553713
4.78,-2.075772762298584,-4.707000732421875,9.339780807495115
4.8,-2.051830768585205,-4.668693542480469,9.05487060546875
4.82,-2.051830768585205,-4.477157115936279,8.880094528198242
4.84,-1.8938134908676147,-4.137180328369141,8.947132110595703
4.86,-1.941697597503662,-3.6727054119110103,9.258378028869627
4.88,-2.499546527862549,-3.998316764831543,9.80904483795166
4.9,-2.7054479122161865,-3.804386615753174,9.84256362915039
4.92,-3.023876667022705,-3.624821424484253,9.799467086791992
4.94,-3.110068082809448,-3.155557870864868,9.459490776062012
4.96,-3.2992098331451416,-3.246537446975708,9.265560150146484
4.98,-3.213018655776977,-3.1866824626922607,9.07641887664795
5.0,-3.0861260890960693,-3.021482467651367,8.81784439086914
5.02,-2.9688100814819336,-2.8227639198303223,8.537723541259766
5.04,-3.014299869537353,-2.5282769203186035,8.324639320373535
5.06,-2.942473888397217,-1.745373010635376,7.891288757324219
5.08,-3.1531636714935303,-1.1779472827911377,7.797914981842041
5.1,-3.442862033843994,-0.4644751250743866,7.678205013275146
5.12,-3.60566782951355,-0.6177040338516235,7.704541206359863
5.14,-3.5266590118408203,-0.4620809257030487,7.836222171783447
5.16,-3.2345664501190186,-0.2154781520366668,8.233659744262695
5.18,-2.978386878967285,0.3351882398128509,8.516175270080566
5.2,-2.8993782997131348,2.324769735336304,7.453149795532227
5.22,-2.765302896499634,1.4652514457702637,8.415618896484375
5.24,-2.217030763626098,0.5841852426528931,8.80587387084961
5.26,-2.183511972427368,0.6967126727104187,8.832210540771484
5.28,-1.9369091987609863,0.6607996821403503,8.501810073852539
5.3,-1.6735470294952393,0.7924807667732239,8.324639320373535
5.32,-1.659181833267212,1.1420341730117798,8.592789649963379
5.34,-1.6711528301239014,1.2689268589019775,8.892065048217773
5.36,-1.6424223184585571,1.1180921792984009,8.949525833129883
5.38,-1.7334020137786863,0.7110779285430908,9.004592895507812
5.4,-1.5634137392044067,0.8667010068893433,8.765172004699707
5.42,-1.5849615335464478,1.7094600200653076,8.791508674621582
5.44,-1.6065093278884888,1.994369983673096,8.875306129455566
5.46,-0.4620809257030487,1.0534487962722778,8.942343711853027
5.48,-1.4915876388549805,1.965639591217041,9.5624418258667
5.5,-1.1468225717544556,1.9177556037902832,9.677363395690918
5.52,-0.950498104095459,1.845929503440857,9.859322547912598
5.54,-1.3192051649093628,2.0590133666992188,9.837775230407717
5.56,-2.5498247146606445,1.8411411046981807,9.84256362915039
5.58,-0.3591302633285522,2.1739351749420166,10.122684478759766
5.6,-1.3886369466781616,1.6759412288665771,10.496180534362791
5.62,-1.2473790645599363,1.8363527059555051,10.6709566116333
5.64,-1.558625340461731,1.5658079385757446,10.891223907470703
5.66,-1.292868971824646,1.1563993692398071,10.96544361114502
5.68,-1.381454348564148,0.871489405632019,11.022904396057127
5.7,-1.7166426181793213,0.8595184087753296,11.039664268493652
5.72,-1.8315643072128296,0.7637503147125244,11.128249168395996
5.74,-1.4700398445129397,0.5746083855628967,10.819397926330566
5.76,-0.3806780576705932,0.7374141216278076,10.225635528564451
5.78,-0.0790086537599563,0.6488286852836609,9.797073364257812
5.8,0.4716577231884002,0.7876923680305481,9.32541561126709
5.82,-0.0383072271943092,0.2633621990680694,9.35654067993164
5.84,0.7709329724311829,-0.8595184087753296,9.332598686218262
5.86,0.1053448766469955,-0.7254431247711182,9.3828763961792
5.88,-0.0383072271943092,-0.828393816947937,9.263166427612305
5.9,-0.3687070608139038,-0.6823474764823914,9.478644371032717
5.92,-0.6607996821403503,-0.6727706789970398,9.828198432922363
5.94,-0.7206547260284424,-0.7445967197418213,9.897629737854004
5.96,-0.7589619159698486,-0.6368576288223267,9.775525093078612
5.98,-0.8906430602073669,-0.3830722570419311,9.251194953918455
6.0,-0.7230489253997803,0.2178723514080047,8.774748802185059
6.02,-0.5434837937355042,0.0694318488240242,8.848969459533691
6.04,-0.912190854549408,-0.2250549644231796,9.651026725769045
6.06,-0.9720458984375,0.3471592366695404,9.775525093078612
6.08,-1.0773907899856567,0.6775590777397156,9.591172218322754
6.1,-1.2090718746185305,0.9217676520347596,9.244012832641602
6.12,-1.4389152526855469,0.4955997467041015,8.93037223815918
6.14,-1.434126853942871,0.8762778043746948,9.39245319366455
6.16,-1.4221558570861816,0.4884171485900879,10.096348762512209
6.18,-1.2761094570159912,0.5602431893348694,10.11550235748291
6.2,-0.9026140570640564,0.5051765441894531,9.916783332824709
6.22,-0.811634361743927,0.8667010068893433,9.622296333312988
6.24,-0.9050082564353944,0.7110779285430908,9.493009567260742
6.26,-0.9050082564353944,0.7230489253997803,9.648633003234863
6.28,-0.8930372595787048,0.9169792532920836,9.758766174316406
6.3,-0.7398083209991455,1.2018892765045166,9.945513725280762
6.32,-0.7733271718025208,1.3934253454208374,9.81143856048584
6.34,-1.0055646896362305,1.3048399686813354,9.9000244140625
6.36,-1.436521053314209,0.9840168952941896,10.26633644104004
6.38,-2.145204782485962,1.170764684677124,10.72602367401123
6.4,-3.078943490982056,1.2521674633026123,10.656591415405272
6.42,-3.943250179290772,1.2258312702178955,10.08198356628418
6.44,-4.58968448638916,0.8667010068893433,9.583989143371582
6.46,-4.522646903991699,0.9313444495201112,8.580819129943848
6.48,-4.525041103363037,1.1037269830703735,7.433996200561523
6.5,-4.477157115936279,0.3926490843296051,6.782773494720459
6.52,-4.496310710906982,-1.290474772453308,6.399701118469238
6.54,-4.477157115936279,-2.3056161403656006,6.026205539703369
6.56,-4.369418144226074,-3.064578056335449,5.4875102043151855
6.58,-4.388571739196777,-3.792415380477905,5.317522048950195
6.6,-4.817133903503418,-4.812345504760742,5.116408824920654
6.62,-4.8051629066467285,-4.876988887786865,5.489904403686523
6.64,-4.563348293304443,-5.161899089813232,6.256049156188965
6.66,-4.898536682128906,-5.51624059677124,6.825869083404541
6.68,-4.671087741851807,-6.301538944244385,6.943184852600098
6.7,-4.398148536682129,-7.790732383728027,5.975927352905273
6.72,-4.242525577545166,-9.191340446472168,5.20978307723999
6.74,-4.039018154144287,-10.10592555999756,4.809951305389404
6.76,-3.4117374420166016,-10.553641319274902,4.93923807144165
6.78,-3.0095114707946777,-10.793061256408691,5.52821159362793
6.8,-2.585737943649292,-10.632649421691896,6.098031520843506
6.82,-2.432508945465088,-10.469843864440918,5.612008571624756
6.84,-1.8315643072128296,-11.118672370910645,5.12119722366333
6.86,-1.7764976024627686,-12.653355598449709,6.828263282775879
6.88,-0.0335188247263431,-12.540828704833984,6.145915985107422
6.9,0.4932055473327636,-11.197681427001951,5.324704647064209
6.92,-0.6320692300796509,-9.87608242034912,4.029441356658936
6.94,-1.6735470294952393,-9.53849983215332,3.0573954582214355
6.96,-1.7717092037200928,-7.999027729034424,2.875436305999756
6.98,-2.1739351749420166,-6.275202751159668,3.3494882583618164
7.0,-2.82515811920166,-6.313509941101074,3.852270603179932
7.02,-3.332728862762451,-7.467514991760254,3.995922565460205
7.04,-3.624821424484253,-9.093177795410156,4.223371982574463
7.06,-4.211400985717773,-10.228029251098633,4.38617753982544
7.08,-4.58968448638916,-9.581595420837402,4.927267074584961
7.1,-5.097255229949951,-8.724471092224121,5.315127849578857
7.12,-4.642356872558594,-8.789113998413086,5.556941986083984
7.14,-4.335899353027344,-10.022128105163574,5.231330871582031
7.16,-3.6822822093963614,-10.376470565795898,4.378994941711426
7.18,-4.16112232208252,-10.323798179626465,3.7229835987091056
7.2,-4.05817174911499,-9.57441234588623,3.0573954582214355
7.22,-4.412513732910156,-9.05247688293457,3.0861260890960693
7.24,-3.9815573692321777,-7.709329605102539,2.410961151123047
7.26,-3.567360639572144,-5.710171222686768,1.094150185585022
7.28,-4.086902141571045,-5.099649429321289,0.1053448766469955
7.3,-3.785232782363892,-6.0621185302734375,1.1659762859344482
7.32,-3.9217023849487305,-8.044517517089844,1.98958158493042
7.34,-3.464409828186035,-8.528146743774414,1.9297266006469729
7.36,-3.689464807510376,-7.6997528076171875,1.6615760326385498
7.38,-4.383783340454102,-7.264008045196533,1.41257905960083
7.4,-3.983951568603516,-8.884882926940918,1.3263877630233765
7.42,-3.1914708614349365,-10.524910926818848,1.0869675874710083
7.44,-3.3423056602478027,-8.604761123657227,-0.3878606855869293
7.46,-5.035006046295166,-8.271966934204102,-1.8555063009262085
7.48,-4.922478675842285,-8.769960403442383,-2.3511061668396
7.5,-3.9815573692321777,-8.59997272491455,-1.699883222579956
7.52,-4.99669885635376,-7.690176010131836,-1.8100165128707888
7.54,-5.861005783081055,-6.390124320983887,-1.8483237028121948
7.56,-5.240907669067383,-4.72376012802124,-1.9273324012756348
7.58,-4.821922302246094,-3.56017804145813,-1.3766659498214722
7.6,-6.528987884521484,-3.5649664402008057,-1.1971008777618408
7.62,-7.65186882019043,-5.430049419403076,-0.1747767180204391
7.64,-8.7268648147583,-6.28477954864502,-0.8307880163192749
7.66,-9.77791976928711,-7.058106422424316,-1.1061211824417114
7.68,-10.283096313476562,-8.018181800842285,-1.259350061416626
7.7,-10.156203269958496,-7.817068576812744,-1.1659762859344482
7.72,-10.251971244812012,-7.560888767242432,-1.599326729774475
7.74,-10.852916717529297,-7.048529624938965,-0.4812345504760742
7.76,-11.341333389282228,-5.762843608856201,-0.1460463106632232
7.78,-10.900800704956056,-3.428496837615967,-0.5554547905921936
7.8,-10.69489860534668,-3.885789394378662,-0.7972691655158997
7.82,-11.528080940246582,-5.3797712326049805,-1.594538331031799
7.84,-11.32457447052002,-3.509899616241455,-1.6089035272598269
7.86,-11.750741958618164,-3.354276657104492,-3.995922565460205
7.88,-12.06198787689209,-0.8427590131759644,-6.222530364990234
7.9,-11.252747535705566,-1.5131354331970217,-6.576871871948242
7.92,-8.99740982055664,-3.49314022064209,-6.289567947387695
7.94,-7.074865818023682,-3.0310592651367188,-4.771644115447998
7.96,-5.975927352905273,-3.557783842086792,-5.367800235748291
7.98,-6.00226354598999,-1.2306196689605713,-3.706224203109741
8.0,-6.033388137817383,-0.5578489899635315,-4.584896087646484
8.02,-7.017405033111572,-1.1971008777618408,-4.644751071929932
8.04,-8.08043098449707,-2.6886885166168213,-4.867412090301514
8.06,-7.881711959838867,-3.490746021270752,-4.436455726623535
8.08,-8.698134422302246,-4.089296340942383,-3.9408559799194336
8.1,-8.980650901794434,-3.622427225112915,-2.636016130447388
8.12,-8.860940933227539,-3.2800562381744385,-1.2641384601593018
8.14,-8.829815864562988,-3.778050184249878,0.2825157940387726
8.16,-7.845798969268799,-4.651933670043945,1.6903064250946045
8.18,-7.309497833251953,-5.011064052581787,1.7190368175506592
8.2,-7.311892032623291,-5.710171222686768,1.53707754611969
8.22,-6.856993675231934,-6.418854713439941,2.0829553604125977
8.24,-7.110779285430908,-7.383718013763428,0.9385270476341248
8.26,-8.106766700744629,-7.888894557952881,-0.5339069962501526
8.28,-8.628703117370605,-6.512228488922119,-1.781286120414734
8.3,-8.597578048706055,-5.655104637145996,-3.0334534645080566
8.32,-8.561665534973145,-5.669469833374023,-3.9671921730041504
8.34,-8.042123794555664,-5.817910194396973,-4.898536682128906
8.36,-7.457938194274902,-5.894524574279785,-5.6455278396606445
8.38,-8.037335395812988,-7.292738437652588,-5.731719017028809
8.4,-9.394847869873049,-7.273584842681885,-5.849034786224365
8.42,-9.667786598205566,-2.4468741416931152,-5.7341132164001465
8.44,-9.39245319366455,-1.620874524116516,-5.449203014373779
8.46,-8.973467826843262,-5.501875400543213,-5.770026206970215
8.48,-8.090007781982422,-6.828263282775879,-6.782773494720459
8.5,-8.980650901794434,-6.323086738586426,-5.243301868438721
8.52,-8.96149730682373,-5.25527286529541,-5.762843608856201
8.54,-10.48660373687744,-3.5003228187561035,-5.374982833862305
8.56,-12.392388343811035,-2.473210334777832,-4.850652694702148
8.58,-15.49766731262207,-4.520252704620361,-2.360682964324951
8.6,-17.235858917236328,-6.22731876373291,-0.507570743560791
8.62,-16.87433433532715,-5.224148273468018,0.8236053586006165
8.64,-15.835249900817873,-4.292803764343262,0.8140285611152649
8.66,-14.745888710021973,-2.298433542251587,1.1875240802764893
8.68,-13.057975769042969,-1.3311761617660522,1.259350061416626
8.7,-12.469002723693848,-2.6623523235321045,1.843535304069519
8.72,-13.354857444763184,-6.897695064544678,2.43011474609375
8.74,-13.077129364013672,-9.040505409240724,3.246537446975708
8.76,-13.029245376586914,-9.792284965515137,4.273650169372559
8.78,-12.622231483459473,-9.90241813659668,5.604825973510742
8.8,-12.413935661315918,-8.736441612243652,5.260061264038086
8.82,-11.496956825256348,-7.99184513092041,4.750096321105957
8.84,-10.824186325073242,-9.107542991638184,4.910507678985596
8.86,-9.763554573059082,-9.909601211547852,5.647922039031982
8.88,-8.96389102935791,-9.847352027893066,6.481103897094727
8.9,-8.307879447937012,-9.768342971801758,7.453149795532227
8.92,-7.477091789245605,-9.289502143859863,7.874529361724853
8.94,-5.963956356048584,-8.425195693969727,7.352593421936035
8.96,-4.683058738708496,-6.799532890319824,7.062894821166992
8.98,-3.454833030700684,-6.026205539703369,6.145915985107422
9.0,-2.013523578643799,-4.707000732421875,5.906495571136475
9.02,-1.316810965538025,-4.220977783203125,5.851428985595703
9.04,0.0981622710824012,-2.513911724090576,4.733336925506592
9.06,1.01753568649292,-2.7437551021575928,4.24970817565918
9.08,2.209848165512085,-2.978386878967285,3.823540210723877
9.1,2.9496564865112305,-2.085349798202514,4.402936935424805
9.12,3.337517261505127,-1.2090718746185305,4.551377296447754
9.14,3.8810009956359854,-1.235408067703247,4.232948780059815
9.16,4.311957359313965,-0.6512228846549988,3.555389642715454
9.18,4.812345504760742,-0.0837970599532127,3.4835634231567383
9.2,5.485116004943848,-0.0790086537599563,3.555389642715454
9.22,6.562506675720215,-0.569819986820221,4.268861770629883
9.24,6.936002254486084,-0.5363011956214905,5.092466831207275
9.26,6.524199485778809,-0.9624691009521484,5.475539207458496
9.28,6.404489517211914,-0.3663128614425659,6.050147533416748
9.3,5.928043365478516,-0.5722141861915588,5.664681434631348
9.32,5.872976779937744,-1.2832920551300049,5.506663799285889
9.34,5.243301868438721,-0.950498104095459,5.815515995025635
9.36,5.161899089813232,-1.1971008777618408,5.9088897705078125
9.38,5.92325496673584,-1.235408067703247,5.173870086669922
9.4,6.466738700866699,-1.8555063009262085,4.584896087646484
9.42,7.194576263427734,-1.8339585065841677,4.704606533050537
9.44,7.6997528076171875,-1.6831238269805908,4.817133903503418
9.46,8.123526573181152,-1.9776105880737305,5.166687488555908
9.48,8.762778282165527,-1.845929503440857,5.449203014373779
9.5,8.844181060791016,-0.9050082564353944,5.664681434631348
9.52,8.480262756347656,-0.4764461517333984,5.676652431488037
9.54,8.22887134552002,-1.1899182796478271,5.475539207458496
9.56,7.872135162353516,-1.33357036113739,5.48272180557251
9.58,7.343016624450684,-1.9249382019042969,6.110002517700195
9.6,7.357381820678711,-1.5753847360610962,6.0621185302734375
9.62,7.522581577301025,-1.4772224426269531,6.090848922729492
9.64,7.999027729034424,-1.5179238319396973,5.664681434631348
9.66,8.157045364379883,-1.170764684677124,5.0900726318359375
9.68,7.99184513092041,-1.807622313499451,5.159504890441895
9.7,8.054094314575195,-2.319981336593628,5.942408561706543
9.72,8.003816604614258,-2.3965959548950195,6.780379295349121
9.74,7.819462776184082,-1.6879122257232666,7.338228225708008
9.76,7.797914981842041,-1.9800047874450684,6.89530086517334
9.78,7.996633529663086,-1.273715257644653,6.416460514068604
9.8,7.738059997558594,-1.5849615335464478,5.95677375793457
9.82,7.663839817047119,-1.6831238269805908,5.552153587341309
9.84,7.723694801330566,-2.269703149795532,5.501875400543213
9.86,7.728483200073242,-2.255337953567505,5.748478412628174
9.88,7.589619159698486,-1.6280571222305298,5.870582580566406
9.9,7.568071365356445,-1.7118542194366455,5.889736175537109
9.92,7.474697589874268,-1.908178806304932,5.585672378540039
9.94,7.580042362213135,-1.7166426181793213,5.236119270324707
9.96,7.702147006988525,-1.7118542194366455,4.570530891418457
9.98,7.486668586730957,-0.395043283700943,4.644751071929932
10.0,7.223306655883789,-0.5770025849342346,4.333505153656006
10.02,6.739677906036377,-0.9002198576927185,3.9264907836914062
10.04,5.442020416259766,-0.9816226959228516,4.055777549743652
10.06,5.015852451324463,-0.9983820915222168,3.442862033843994
10.08,4.3622355461120605,-0.933738648891449,1.501164436340332
10.1,4.752490520477295,-0.2466027736663818,0.1867477297782898
10.12,3.8163576126098633,1.4484920501708984,0.9193734526634216
10.14,1.968033790588379,0.6631938815116882,0.8667010068893433
10.16,1.2641384601593018,-0.2250549644231796,0.8595184087753296
10.18,0.7469909191131592,-1.2832920551300049,1.0462661981582642
10.2,0.0239420160651206,-4.28322696685791,1.4484920501708984
10.22,0.0478840321302413,-5.355829238891602,1.623268723487854
10.24,-0.9385270476341248,-5.274426460266113,1.845929503440857
10.26,-1.558625340461731,-4.891354084014893,1.3694833517074585
10.28,-2.1332337856292725,-3.612850427627564,0.9169792532920836
10.3,-4.072536945343018,-8.003816604614258,2.274491548538208
10.32,-5.6191911697387695,-12.121843338012695,5.008669853210449
10.34,-4.565742492675781,-15.0355863571167,6.399701118469238
10.36,-4.766855716705322,-8.71489429473877,6.469132900238037
10.38,-5.032611846923828,-4.896142482757568,4.314351558685303
10.4,-7.094019412994385,-2.669534921646118,3.064578056335449
10.42,-10.438719749450684,-6.361393928527832,5.851428985595703
10.44,-14.147337913513184,-16.603788375854492,9.84495735168457
10.46,-13.907917976379396,-12.945448875427246,10.26633644104004
10.48,-13.740324020385742,-10.591948509216309,9.423578262329102
10.5,-12.354081153869627,-8.638279914855957,7.374141216278076
10.52,-11.676521301269531,-5.861005783081055,5.224148273468018
10.54,-13.019668579101562,-5.130774021148682,4.400542736053467
10.56,-13.086706161499023,-5.951985359191895,6.768408298492432
10.58,-11.853693008422852,-5.406107425689697,7.043741226196289
10.6,-11.719616889953612,-6.3949127197265625,5.6191911697387695
10.62,-10.158597946166992,-6.342240333557129,4.031835556030273
10.64,-10.256759643554688,-5.4875102043151855,3.3710360527038574
10.66,-10.06043529510498,-4.390965938568115,3.744531393051148
10.68,-9.682151794433594,-4.338293552398682,3.5003228187561035
10.7,-10.02691650390625,-4.2760443687438965,3.3518824577331543
10.72,-9.897629737854004,-4.709394931793213,3.588908433914185
10.74,-9.521739959716797,-4.742913722991943,3.457227230072021
10.76,-9.691728591918944,-4.692635536193848,3.363853454589844
10.78,-9.919178009033203,-3.4524388313293457,3.720589399337769
10.8,-10.747570991516112,-1.6903064250946045,4.242525577545166
10.82,-11.274295806884766,-2.4157495498657227,3.648763418197632
10.84,-9.8784761428833,-2.28406834602356,3.4380736351013184
10.86,-8.078036308288574,-1.9273324012756348,3.292027235031128
10.88,-7.398083209991455,-2.8419175148010254,3.529053211212158
10.9,-7.733271598815918,-2.9233202934265137,4.491522312164307
10.92,-7.975085735321045,-3.6176388263702393,3.598485231399536
10.94,-8.090007781982422,-4.5825018882751465,2.4420857429504395
10.96,-7.793126583099365,-5.013458251953125,1.908178806304932
10.98,-8.355764389038086,-6.342240333557129,1.903390407562256
11.0,-6.897695064544678,-7.0341644287109375,1.6711528301239014
11.02,-6.715735912322998,-5.882553577423096,2.6431987285614014
11.04,-7.043741226196289,-4.405331134796143,2.681505918502808
11.06,-6.598419666290283,-3.380612850189209,1.9512743949890137
11.08,-5.9974751472473145,-3.004723072052002,1.4963760375976562
11.1,-6.143521785736084,-3.4356794357299805,0.9313444495201112
11.12,-7.223306655883789,-4.2975921630859375,0.3878606855869293
11.14,-9.612719535827637,-4.596867084503174,0.332794040441513
11.16,-12.081141471862791,-4.759673118591309,0.6871358752250671
11.18,-13.654131889343262,-4.707000732421875,1.577778935432434
11.2,-12.981361389160156,-5.078101634979248,0.5554547905921936
11.22,-12.322956085205078,-5.736507415771484,0.4955997467041015
11.24,-12.45703125,-7.0126166343688965,2.346317768096924
11.26,-11.60948371887207,-8.93037223815918,5.628767967224121
11.28,-9.452308654785156,-9.974244117736816,7.000645637512207
11.3,-7.687781810760498,-9.69651699066162,6.287173748016357
11.32,-6.993463039398193,-9.090784072875977,5.418078422546387
11.34,-6.464344501495361,-6.485892295837402,4.788403511047363
11.36,-7.0317702293396,-5.39174222946167,4.623203277587891
11.38,-7.1921820640563965,-4.091690540313721,6.165069580078125
11.4,-7.232883453369141,-3.296815633773804,5.978321552276611
11.42,-6.962338447570801,-4.702212333679199,4.446032524108887
11.44,-8.152256965637207,-7.38132381439209,5.4659624099731445
11.46,-5.851428985595703,-7.163451671600342,3.227383852005005
11.48,-6.064512729644775,-4.508281707763672,3.004723072052002
11.5,-7.42681360244751,-5.904101371765137,3.0406360626220703
11.52,-5.820304393768311,-6.426037311553955,2.387019157409668
11.54,-5.669469833374023,-6.186617374420166,2.999934673309326
11.56,-5.3797712326049805,-6.411672115325928,2.9520506858825684
11.58,-5.140350818634033,-6.035782337188721,2.1140801906585693
11.6,-5.499481201171875,-6.150704383850098,1.900996208190918
11.62,-5.971138954162598,-5.868188381195068,2.0231003761291504
11.64,-6.452373504638672,-5.013458251953125,2.3942017555236816
11.66,-6.938396453857422,-4.486733913421631,4.194641590118408
11.68,-6.6391215324401855,-3.801992416381836,4.082113742828369
11.7,-7.520187377929687,-3.023876667022705,3.49314022064209
11.72,-8.473079681396484,-2.9065608978271484,3.026270866394043
11.74,-8.470685958862305,-3.519476413726806,3.251325845718384
11.76,-8.451532363891602,-3.31118106842041,4.153939723968506
11.78,-8.93037223815918,-2.341529369354248,4.76924991607666
11.8,-9.162610054016112,-1.7070658206939695,4.240131378173828
11.82,-8.81784439086914,-1.3096283674240112,3.3710360527038574
11.84,-8.595184326171875,-0.7086837291717529,3.466804027557373
11.86,-8.358158111572266,-0.8906430602073669,3.7038300037384033
11.88,-7.709329605102539,-0.969651699066162,4.266467571258545
11.9,-7.307103633880615,-0.9050082564353944,4.745307922363281
11.92,-6.976703643798828,-1.115697979927063,4.14915132522583
11.94,-6.945579051971436,-0.7996633648872375,4.094084739685059
11.96,-7.4555439949035645,-1.3646949529647827,3.708618402481079
11.98,-7.350199222564697,-1.915361404418945,3.751713991165161
12.0,-8.178592681884766,-1.829170107841492,4.908113479614258
12.02,-8.523358345031738,-2.0183119773864746,5.056553840637207
12.04,-8.097189903259277,-2.7964274883270264,4.2975921630859375
12.06,-7.733271598815918,-3.3016040325164795,4.036623954772949
12.08,-7.82185697555542,-3.936067581176758,4.1180267333984375
12.1,-7.874529361724853,-3.998316764831543,4.577713489532471
12.12,-8.518569946289062,-3.0166940689086914,5.161899089813232
12.14,-8.358158111572266,-2.6575639247894287,4.517858505249023
12.16,-8.157045364379883,-3.519476413726806,3.557783842086792
12.18,-7.568071365356445,-3.837905406951904,3.1459810733795166
12.2,-7.184999465942383,-3.890577793121338,3.3901896476745605
12.22,-7.137115478515625,-3.543418407440185,3.495534420013428
12.24,-7.501033782958984,-3.3518824577331543,3.514688014984131
12.26,-8.214506149291992,-3.904942989349365,3.8498764038085938
12.28,-8.827422142028809,-4.606443881988525,4.089296340942383
12.3,-9.327810287475586,-5.3342814445495605,3.780444383621216
12.32,-9.373299598693848,-5.9974751472473145,3.023876667022705
12.34,-9.215282440185549,-6.4834980964660645,2.499546527862549
12.36,-8.765172004699707,-6.512228488922119,2.2457611560821533
12.38,-8.42040729522705,-6.129156112670898,2.0159177780151367
12.4,-8.092401504516602,-5.451597213745117,1.8555063009262085
12.42,-8.238448143005371,-4.90571928024292,2.0015525817871094
12.44,-8.425195693969727,-4.663905143737793,1.9776105880737305
12.46,-8.78193187713623,-4.580107688903809,2.1332337856292725
12.48,-9.41400146484375,-4.707000732421875,2.2577321529388428
12.5,-9.727641105651855,-4.683058738708496,2.154781579971313
12.52,-10.165780067443848,-4.637568473815918,1.920149803161621
12.54,-10.412383079528809,-4.649539470672607,1.3742717504501345
12.56,-10.469843864440918,-4.620809078216553,1.1563993692398071
12.58,-10.21845245361328,-4.417302131652832,1.108515381813049
12.6,-9.586383819580078,-4.2760443687438965,1.036689281463623
12.62,-9.29429054260254,-4.230554580688477,0.8044517636299133
12.64,-9.181763648986816,-4.20421838760376,0.4094084799289703
12.66,-8.99740982055664,-4.110844135284424,0.0837970599532127
12.68,-8.508993148803711,-4.604049682617188,-0.1221042871475219
12.7,-7.642292022705078,-4.671087741851807,0.4213795065879822
12.72,-7.443572998046875,-4.434061527252197,0.912190854549408
12.74,-7.529764175415039,-4.37420654296875,1.436521053314209
12.76,-7.417236804962158,-4.266467571258545,1.3239935636520386
12.78,-7.592013359069824,-3.943250179290772,1.1540051698684692
12.8,-7.860164165496826,-3.6727054119110103,1.1420341730117798
12.82,-7.795520782470703,-3.57214903831482,1.4939818382263184
12.84,-7.522581577301025,-3.797203779220581,1.939303398132324
12.86,-7.398083209991455,-3.6104562282562256,2.324769735336304
12.88,-7.649474620819092,-3.45962142944336,2.626439332962036
12.9,-8.125920295715332,-3.653551816940308,2.631227731704712
12.92,-8.355764389038086,-3.471592426300049,2.894589900970459
12.94,-8.324639320373535,-3.3877954483032227,3.272873640060425
12.96,-8.161833763122559,-3.095702886581421,3.533841609954834
12.98,-8.293514251708984,-3.268085241317749,3.615244626998901
13.0,-7.95832633972168,-2.920926094055176,3.9025487899780273
13.02,-7.357381820678711,-2.6791117191314697,3.993528366088867
13.04,-6.94079065322876,-2.5665841102600098,3.9025487899780273
13.06,-6.600813865661621,-2.3582887649536133,3.914519786834717
13.08,-6.435614109039307,-1.8986018896102903,3.9600095748901367
13.1,-6.581660270690918,-2.0685901641845703,3.907337188720703
13.12,-7.074865818023682,-2.08056116104126,4.1874589920043945
13.14,-7.443572998046875,-2.0159177780151367,4.24970817565918
13.16,-7.948749542236328,-2.2673089504241943,4.005499362945557
13.18,-8.04691219329834,-2.38462495803833,3.699041604995728
13.2,-8.38449478149414,-2.882618904113769,3.2082302570343018
13.22,-8.422801971435547,-3.3470940589904785,2.9065608978271484
13.24,-8.793902397155762,-3.945644378662109,2.8562827110290527
13.26,-8.992621421813965,-4.714183330535889,2.4636335372924805
13.28,-9.186552047729492,-5.118803024291992,2.140416383743286
13.3,-9.387664794921877,-5.2696380615234375,1.9177556037902832
13.32,-9.684545516967772,-5.5329999923706055,1.580173134803772
13.34,-9.914389610290527,-5.6910176277160645,0.9552865028381348
13.36,-10.043676376342772,-6.13633918762207,0.5434837937355042
13.38,-9.643844604492188,-5.439626216888428,0.507570743560791
13.4,-10.046070098876951,-4.448426723480225,0.4141969084739685
13.42,-10.62546730041504,-3.9624037742614746,0.4932055473327636
13.44,-10.781089782714844,-4.307168960571289,1.1899182796478271
13.46,-10.347740173339844,-4.908113479614258,1.4532804489135742
13.48,-9.797073364257812,-4.611232280731201,1.1971008777618408
13.5,-9.47146224975586,-3.912125587463379,0.8810662031173706
13.52,-9.29429054260254,-4.079719543457031,1.012747287750244
13.54,-9.04290008544922,-4.23773717880249,0.8858546018600464
13.56,-9.229647636413574,-4.271255970001221,0.933738648891449
13.58,-9.136273384094238,-4.0964789390563965,0.828393816947937
13.6,-8.813055992126465,-4.01268196105957,1.6065093278884888
13.62,-8.865729331970215,-4.383783340454102,2.1116859912872314
13.64,-8.597578048706055,-3.799597978591919,2.08056116104126
13.66,-8.556877136230469,-2.985569477081299,2.286462545394897
13.68,-8.516175270080566,-2.8562827110290527,2.6647465229034424
13.7,-8.592789649963379,-3.7038300037384033,2.4396915435791016
13.72,-8.40843677520752,-4.278438568115234,2.212242364883423
13.74,-8.31985092163086,-4.364629745483398,2.4205379486083984
13.76,-8.508993148803711,-4.390965938568115,2.6671407222747803
13.78,-8.56884765625,-4.000710964202881,2.9041666984558105
13.8,-8.954314231872559,-3.658340215682984,2.87064790725708
13.82,-9.27034854888916,-3.5242648124694824,2.612074136734009
13.84,-9.313444137573242,-3.509899616241455,2.470816135406494
13.86,-9.169792175292969,-3.3854012489318848,2.360682964324951
13.88,-9.090784072875977,-3.1938650608062744,2.2242133617401123
13.9,-9.114726066589355,-3.2752678394317627,2.217030763626098
13.92,-8.803479194641113,-3.004723072052002,2.27209734916687
13.94,-8.49941635131836,-3.050212860107422,2.0231003761291504
13.96,-8.26478385925293,-3.0861260890960693,1.9991583824157717
13.98,-8.355764389038086,-2.8107926845550537,2.319981336593628
14.0,-8.35097599029541,-2.454056739807129,1.821987509727478
14.02,-8.006210327148438,-3.0190882682800293,1.1779472827911377
14.04,-7.400477409362793,-3.6846764087677,1.3670891523361206
14.06,-7.328651428222656,-3.536235809326172,1.778891921043396
14.08,-7.603984832763672,-3.557783842086792,1.1324573755264282
14.1,-7.417236804962158,-3.4165258407592773,0.950498104095459
14.12,-7.137115478515625,-3.581725835800171,1.05105459690094
14.14,-7.694964408874512,-3.7277719974517822,1.829170107841492
14.16,-8.152256965637207,-4.098873138427734,1.8818424940109253
14.18,-8.29590892791748,-4.23773717880249,2.279279947280884
14.2,-8.87051773071289,-4.232948780059815,3.1914708614349365
14.22,-9.502586364746094,-4.127603530883789,3.308786630630493
14.24,-9.634267807006836,-4.122815132141113,2.5019407272338867
14.26,-9.581595420837402,-3.5649664402008057,2.5785553455352783
14.28,-9.86889934539795,-3.0861260890960693,2.674323320388794
14.3,-9.83298683166504,-2.6862943172454834,2.60010313987732
14.32,-9.351752281188965,-2.6647465229034424,2.078166961669922
14.34,-8.990227699279785,-2.609679937362671,2.154781579971313
14.36,-8.676587104797363,-2.729389905929565,1.7908629179000854
14.38,-8.497021675109863,-3.0813376903533936,1.6615760326385498
14.4,-8.40843677520752,-2.765302896499634,1.2713210582733154
14.42,-8.62630844116211,-2.7269957065582275,1.4317326545715332
14.44,-8.755595207214355,-2.9161376953125,1.58256733417511
14.46,-8.793902397155762,-2.8562827110290527,1.6543933153152466
14.48,-8.935160636901855,-3.246537446975708,1.7142484188079834
14.5,-8.87291145324707,-3.071760892868042,1.5921441316604614
14.52,-9.351752281188965,-2.6623523235321045,2.0254945755004883
14.54,-9.780313491821287,-2.597708940505981,1.558625340461731
14.56,-9.368511199951172,-2.6791117191314697,0.8930372595787048
14.58,-9.119514465332031,-2.7054479122161865,1.1803414821624756
14.6,-9.363722801208496,-3.0813376903533936,0.9289502501487732
14.62,-9.035717010498049,-3.466804027557373,1.0534487962722778
14.64,-8.987833023071289,-3.557783842086792,1.403002142906189
14.66,-9.430760383605955,-3.83072280883789,1.8387469053268437
14.68,-9.536105155944824,-3.6104562282562256,1.6663644313812256
14.7,-9.440337181091309,-3.0813376903533936,1.7836803197860718
14.72,-9.406818389892578,-2.801215887069702,2.250549554824829
14.74,-8.968679428100586,-3.409343242645264,2.3582887649536133
14.76,-8.542511940002441,-3.861847400665283,1.8722656965255735
14.78,-8.650250434875488,-4.4508209228515625,1.6376339197158811
14.8,-8.099584579467773,-3.8355112075805664,2.542642116546631
14.82,-8.130708694458008,-3.8091750144958496,3.864241600036621
14.84,-7.951143741607666,-4.268861770629883,4.4508209228515625
14.86,-7.7643961906433105,-4.774038314819336,4.910507678985596
14.88,-8.022970199584961,-4.474762916564941,5.272032260894775
14.9,-8.860940933227539,-3.023876667022705,7.388506412506103
14.92,-8.968679428100586,-2.078166961669922,8.971074104309082
14.94,-10.891223907470703,-1.7166426181793213,10.644620895385742
14.96,-12.52167510986328,-0.5315127968788147,11.566388130187988
14.98,-14.13057804107666,-0.5434837937355042,9.251194953918455
15.0,-13.515268325805664,1.7501614093780518,6.552929878234863
15.02,-12.583924293518066,2.937685489654541,3.1723172664642334
15.04,-11.899182319641112,0.9050082564353944,-2.5019407272338867
15.06,-9.093177795410156,-4.357447147369385,-5.92325496673584
15.08,-4.819528102874756,-9.169792175292969,-4.747702121734619
15.1,-6.818686485290527,-8.159439086914062,-0.7948749661445618
15.12,-9.773131370544434,-10.347740173339844,-1.915361404418945
15.14,-1.139639973640442,-10.426748275756836,0.7733271718025208
15.16,12.140996932983398,-4.137180328369141,39.46123123168945
15.18,15.16726779937744,-18.262969970703125,39.50193405151367
15.2,17.68836212158203,-7.7883381843566895,4.37420654296875
15.22,2.212242364883423,7.371747016906738,14.939818382263184
15.24,-12.057199478149414,-13.37161636352539,14.748282432556152
15.26,-7.376535415649414,-7.783549785614014,8.106766700744629
15.28,-3.576937437057495,-2.123656988143921,10.711658477783203
15.3,-2.7557260990142822,5.240907669067383,13.347674369812012
15.32,-1.7357962131500244,1.292868971824646,4.568136692047119
15.34,6.04775333404541,8.932766914367676,3.45962142944336
15.36,15.672444343566896,4.829104900360107,8.99740982055664
15.38,2.8634653091430664,7.752425193786621,14.235923767089844
15.4,8.257601737976074,16.838420867919922,4.955997467041016
15.42,11.547234535217283,15.844826698303224,-3.689464807510376
15.44,11.118672370910645,12.54801082611084,0.2346317619085312
15.46,5.102043628692627,2.4205379486083984,-1.8315643072128296
15.48,5.319916248321533,-8.195352554321289,0.5291185975074768
15.5,2.9712042808532715,-7.599195957183838,2.2577321529388428
15.52,0.4285621047019958,4.522646903991699,2.0231003761291504
15.54,4.886565685272217,9.758766174316406,1.8914192914962769
15.56,12.392388343811035,9.404424667358398,1.81959331035614
15.58,12.586318016052246,13.129801750183104,9.04290008544922
15.6,9.53849983215332,3.8163576126098633,8.676587104797363
15.62,10.821791648864746,0.3112462162971496,6.277596950531006
15.64,8.89685344696045,3.3063924312591557,4.929661273956299
15.66,8.010998725891113,2.4420857429504395,2.568978309631348
15.68,9.284713745117188,2.482787132263184,-0.2059013396501541
15.7,9.813833236694336,4.010287761688232,0.5410895943641663
15.72,9.713275909423828,2.2577321529388428,3.4763808250427246
15.74,8.918401718139648,2.8395233154296875,9.440337181091309
15.76,9.856928825378418,0.8164227604866028,8.370129585266113
15.78,10.424354553222656,-2.559401512145996,6.124367713928223
15.8,10.3549222946167,-4.37420654296875,5.044582843780518
15.82,8.935160636901855,-4.5609540939331055,5.348646640777588
15.84,5.755661010742188,-5.374982833862305,4.441244125366211
15.86,6.560112476348877,-4.915296077728272,2.9759926795959477
15.88,6.651092529296875,-4.144362926483154,2.3942017555236816
15.9,7.996633529663086,-3.9671921730041504,3.0837318897247314
15.92,7.383718013763428,-1.3551181554794312,4.37420654296875
15.94,3.995922565460205,-0.3232172429561615,6.766014099121094
15.96,4.137180328369141,-1.070208191871643,7.388506412506103
15.98,5.140350818634033,-0.8547300100326538,7.208941459655762
16.0,4.424484729766846,2.0685901641845703,7.189787864685059
16.02,4.5154643058776855,1.953668594360352,7.005434036254883
16.04,4.659116744995117,0.849941611289978,7.872135162353516
16.06,4.194641590118408,0.9361328482627868,7.836222171783447
16.08,1.8626888990402224,1.4221558570861816,9.794678688049316
16.1,0.0263362191617488,-0.3615244626998901,11.695674896240234
16.12,0.689530074596405,-0.5051765441894531,11.815385818481444
16.14,-0.7422025203704834,0.950498104095459,11.547234535217283
16.16,-2.7892448902130127,2.1763293743133545,11.168951034545898
16.18,-4.651933670043945,1.3263877630233765,11.202469825744627
16.2,-5.91128396987915,1.4963760375976562,11.97100830078125
16.22,-6.102819919586182,2.473210334777832,11.36048698425293
16.24,-5.755661010742188,3.4308910369873047,12.069170951843262
16.26,-5.868188381195068,3.689464807510376,12.696451187133787
16.28,-5.178658485412598,2.911349296569824,11.559206008911133
16.3,-4.929661273956299,2.719813108444214,10.630255699157717
16.32,-4.299986362457275,2.4899697303771973,9.567230224609377
16.34,-3.4165258407592773,3.770867586135864,8.439560890197754
16.36,-2.513911724090576,5.037400245666504,8.504204750061035
16.38,-1.599326729774475,5.760449409484863,8.772355079650879
16.4,-0.9457096457481384,5.2696380615234375,8.681375503540039
16.42,-0.4620809257030487,4.086902141571045,8.999804496765137
16.44,-0.1340752989053726,3.064578056335449,8.731653213500977
16.46,0.4477157294750213,4.331110954284668,8.604761123657227
16.48,0.8403648138046265,4.675876140594482,8.956708908081055
16.5,1.0558429956436155,4.613626480102539,8.671798706054688
16.52,0.8236053586006165,3.5960910320281982,8.26478385925293
16.54,0.0215478148311376,3.550601005554199,8.169015884399414
16.56,-0.8643068075180054,4.754884719848633,7.838616371154785
16.58,-1.4413094520568848,5.770026206970215,8.13789176940918
16.6,-1.237802267074585,5.803544998168945,8.678980827331543
16.62,-1.0654197931289673,5.793968200683594,8.552088737487793
16.64,-0.8762778043746948,6.31829833984375,8.49941635131836
16.66,-0.9768342971801758,6.265625953674316,8.69334602355957
16.68,-0.6919242739677429,6.576871871948242,8.7484130859375
16.7,-0.4405331015586853,5.856217384338379,8.473079681396484
16.72,-0.4213795065879822,4.742913722991943,7.778761386871338
16.74,-0.6919242739677429,5.109226226806641,7.673416614532471
16.76,-0.8595184087753296,5.403713226318359,7.812280178070068
16.78,-1.094150185585022,5.5976433753967285,8.161833763122559
16.8,-1.1037269830703735,5.398924827575684,8.051700592041016
16.82,-1.0821791887283323,4.967968463897705,7.881711959838867
16.84,-1.0342950820922852,4.8051629066467285,7.939172744750977
16.86,-1.0462661981582642,4.668693542480469,8.396465301513672
16.88,-1.1468225717544556,4.824316501617432,8.463502883911133
16.9,-1.0630255937576294,5.31273365020752,8.329427719116211
16.92,-1.2449848651885986,4.924872875213623,8.161833763122559
16.94,-1.3479355573654177,5.899312973022461,7.663839817047119
16.96,-1.4532804489135742,6.2632317543029785,7.438784599304199
16.98,-1.5322890281677246,6.567295074462891,7.321468830108643
17.0,-1.5083470344543457,6.198588371276856,7.125144481658936
17.02,-1.3910311460494995,6.2416839599609375,6.900089263916016
17.04,-1.273715257644653,5.942408561706543,7.0341644287109375
17.06,-1.4628572463989258,6.268020153045654,7.479485988616943
17.08,-1.3431471586227417,6.624756336212158,7.268796443939209
17.1,-1.1851298809051514,7.836222171783447,6.763619899749756
17.12,-1.012747287750244,8.678980827331543,6.512228488922119
17.14,-0.969651699066162,8.633491516113281,6.572083473205566
17.16,-1.3263877630233765,7.371747016906738,6.732495307922363
17.18,-1.5610195398330688,6.921637058258057,6.524199485778809
17.2,-1.699883222579956,6.897695064544678,6.244078159332275
17.22,-1.522712230682373,7.33583402633667,5.853823184967041
17.24,-1.2880805730819702,8.001421928405762,5.781997203826904
17.26,-1.359906554222107,8.49941635131836,6.038176536560059
17.28,-1.5442601442337036,8.015787124633789,6.234501361846924
17.3,-1.4437036514282229,7.12035608291626,6.315904140472412
17.32,-1.3287819623947144,6.840234279632568,6.119579315185547
17.34,-1.3192051649093628,7.496245384216309,5.851428985595703
17.36,-1.05105459690094,8.216899871826172,5.6670756340026855
17.38,-1.0103530883789062,8.647856712341309,5.475539207458496
17.4,-1.1803414821624756,8.83939266204834,5.7772088050842285
17.42,-1.41257905960083,8.26239013671875,6.023811340332031
17.44,-1.5298948287963867,7.778761386871338,6.066906929016113
17.46,-1.5131354331970217,7.321468830108643,5.892130374908447
17.48,-1.5921441316604614,7.340622425079346,5.5976433753967285
17.5,-1.41257905960083,7.769184589385986,5.458779811859131
17.52,-1.4269442558288574,8.022970199584961,5.451597213745117
17.54,-1.414973258972168,8.255207061767578,5.700594425201416
17.56,-1.45806884765625,8.022970199584961,5.887341976165772
17.58,-1.41257905960083,7.601590633392334,5.870582580566406
17.6,-1.4221558570861816,7.484274387359619,6.007051944732666
17.62,-1.335964560508728,7.206547260284424,6.114790916442871
17.64,-1.134851574897766,8.085219383239746,5.298368453979492
17.66,-0.8667010068893433,8.889671325683594,4.900930881500244
17.68,-1.0103530883789062,8.889671325683594,5.9304375648498535
17.7,-1.0342950820922852,7.738059997558594,6.205770969390869
17.72,-1.0749965906143188,7.043741226196289,6.366182327270508
17.74,-0.8403648138046265,7.139509677886963,5.966350555419922
17.76,-0.727837324142456,7.848193168640137,5.56173038482666
17.78,-0.8810662031173706,7.91283655166626,5.918466567993164
17.8,-0.969651699066162,7.723694801330566,6.277596950531006
17.82,-0.8978256583213806,7.520187377929687,6.303933143615723
17.84,-0.7805097699165344,7.4316020011901855,6.007051944732666
17.86,-0.7254431247711182,7.347805023193359,5.920860767364502
17.88,-0.7709329724311829,7.395689010620117,5.925649166107178
17.9,-0.828393816947937,7.47230339050293,5.925649166107178
17.92,-0.9002198576927185,7.65186882019043,6.007051944732666
17.94,-0.8882488012313843,7.750030994415283,5.999869346618652
17.96,-0.8930372595787048,7.726089000701904,5.894524574279785
17.98,-0.90979665517807,7.489062786102295,5.9974751472473145
18.0,-1.015141487121582,7.558494567871094,6.064512729644775
18.02,-0.9050082564353944,7.711723804473877,6.0621185302734375
18.04,-0.9624691009521484,7.888894557952881,5.913678169250488
18.06,-0.950498104095459,7.989450931549072,5.913678169250488
18.08,-1.1013327836990356,7.7763671875,6.019022941589356
18.1,-1.0462661981582642,7.7763671875,5.954379558563232
18.12,-1.09654438495636,7.680599212646484,5.937620162963867
18.14,-1.0079588890075684,8.020575523376465,5.856217384338379
18.16,-1.0630255937576294,8.015787124633789,5.872976779937744
18.18,-1.048660397529602,7.829039573669434,5.916072368621826
18.2,-1.0845733880996704,7.742848396301269,6.00226354598999
18.22,-1.113303780555725,7.728483200073242,5.889736175537109
18.24,-1.039083480834961,7.833827972412109,5.674258232116699
18.26,-1.0582371950149536,7.884106159210205,5.633556365966797
18.28,-1.0606313943862915,7.908048152923584,5.779603004455566
18.3,-0.9720458984375,7.757213592529297,5.815515995025635
18.32,-1.0342950820922852,7.7763671875,5.882553577423096
18.34,-1.036689281463623,7.757213592529297,5.791574001312256
18.36,-1.1420341730117798,7.857769966125488,5.78678560256958
18.38,-1.2330138683319092,7.994239330291748,5.887341976165772
18.4,-1.3120225667953491,7.7883381843566895,5.896918773651123
18.42,-1.094150185585022,7.7883381843566895,5.839457988739014
18.44,-0.9672574996948242,7.766790390014648,5.894524574279785
18.46,-1.0582371950149536,7.874529361724853,6.0621185302734375
18.48,-1.0199298858642578,7.754819393157959,6.160281181335449
18.5,-1.0606313943862915,7.90086555480957,6.045359134674072
18.52,-1.1779472827911377,7.754819393157959,5.748478412628174
18.54,-1.1252747774124146,7.687781810760498,5.793968200683594
18.56,-1.0438719987869265,7.635109424591064,5.940014362335205
18.58,-1.015141487121582,7.637503623962402,6.00226354598999
18.6,-0.9528923034667968,7.493851184844971,6.01423454284668
18.62,-0.8738836050033569,7.448361396789551,5.995080947875977
18.64,-1.015141487121582,7.814674377441406,5.928043365478516
18.66,-1.1037269830703735,7.879317760467529,6.009446144104004
18.68,-1.0342950820922852,7.864952564239502,5.971138954162598
18.7,-1.0893617868423462,7.711723804473877,6.090848922729492
18.72,-0.9792284965515136,7.750030994415283,5.913678169250488
18.74,-0.969651699066162,7.733271598815918,5.975927352905273
18.76,-1.0031704902648926,7.644686222076416,6.052541732788086
18.78,-1.1563993692398071,7.680599212646484,6.064512729644775
18.8,-1.1037269830703735,7.841010570526123,5.954379558563232
18.82,-1.134851574897766,7.754819393157959,5.9088897705078125
18.84,-1.0773907899856567,7.85537576675415,5.973533153533936
18.86,-1.0438719987869265,7.68538761138916,6.054935932159424
18.88,-1.05105459690094,7.644686222076416,5.951985359191895
18.9,-1.0271124839782717,7.560888767242432,5.928043365478516
18.92,-1.0821791887283323,7.941566944122314,5.971138954162598
18.94,-1.1013327836990356,8.092401504516602,6.019022941589356
18.96,-1.0079588890075684,7.9846625328063965,5.920860767364502
18.98,-0.9050082564353944,7.615955829620361,5.884947776794434
19.0,-1.0103530883789062,7.422025203704834,6.153098583221436
19.02,-0.9528923034667968,7.589619159698486,6.162675380706787
19.04,-0.9385270476341248,7.635109424591064,6.155492782592773
19.06,-0.9792284965515136,7.886500358581543,6.100425720214844
19.08,-1.01753568649292,7.65186882019043,6.057330131530762
19.1,-1.039083480834961,7.484274387359619,6.057330131530762
19.12,-0.9361328482627868,7.4316020011901855,6.038176536560059
19.14,-0.9289502501487732,7.407660007476807,6.076483726501465
19.16,-0.9026140570640564,7.678205013275146,6.0597243309021
19.18,-0.9768342971801758,7.711723804473877,6.203376770019531
19.2,-0.993593692779541,7.587224960327148,6.1315507888793945
19.22,-0.9576807022094728,7.240066051483154,6.232107162475586
19.24,-0.9169792532920836,7.364564418792725,6.160281181335449
19.26,-0.8188169598579407,7.773972988128662,6.22731876373291
19.28,-0.9074024558067322,7.915230751037598,6.076483726501465
19.3,-0.9840168952941896,7.632715225219727,6.232107162475586
19.32,-0.9313444495201112,7.5968017578125,6.19379997253418
19.34,-0.8690952062606812,7.68538761138916,6.208165168762207
19.36,-0.7733271718025208,7.479485988616943,6.095637321472168
19.38,-0.7469909191131592,7.513004779815674,6.107608318328857
19.4,-0.7948749661445618,7.544129371643066,6.210559368133545
19.42,-0.8379706144332886,7.673416614532471,6.078877925872803
19.44,-0.8858546018600464,7.6997528076171875,6.102819919586182
19.46,-0.7876923680305481,7.726089000701904,6.129156112670898
19.48,-0.8164227604866028,7.546523571014404,6.095637321472168
19.5,-0.8571242094039917,7.438784599304199,6.129156112670898
19.52,-0.8212111592292786,7.625532627105713,6.081272125244141
19.54,-0.9193734526634216,7.728483200073242,6.050147533416748
19.56,-0.912190854549408,7.893682956695557,6.0597243309021
19.58,-0.9888052940368652,7.781155586242676,6.066906929016113
19.6,-0.8331822156906128,7.572859764099121,6.208165168762207
19.62,-0.7589619159698486,7.539340972900391,6.414066314697266
19.64,-0.6943184733390808,7.4555439949035645,6.40927791595459
19.66,-0.7541735172271729,7.3238630294799805,6.253654956817627
19.68,-0.7589619159698486,7.424419403076172,6.291962146759033
19.7,-0.7805097699165344,7.570465564727783,6.404489517211914
19.72,-0.9385270476341248,7.292738437652588,6.411672115325928
19.74,-0.9217676520347596,7.5968017578125,6.14831018447876
19.76,-0.811634361743927,7.615955829620361,5.942408561706543
19.78,-0.828393816947937,7.539340972900391,5.8657941818237305
19.8,-0.7876923680305481,7.635109424591064,6.026205539703369
19.82,-0.7398083209991455,7.687781810760498,6.1267619132995605
19.84,-0.5554547905921936,7.979874134063721,6.119579315185547
19.86,-0.6177040338516235,7.747636795043945,6.251260757446289
19.88,-0.7158663272857666,7.450755596160889,6.414066314697266
19.9,-0.7805097699165344,7.259219646453857,6.50025749206543
19.92,-0.8619126081466675,7.354987621307373,6.382941722869873
19.94,-0.828393816947937,7.532158374786377,6.279991149902344
19.96,-0.8906430602073669,7.457938194274902,6.167463779449463
19.98,-0.8978256583213806,7.393294811248779,6.332663536071777
20.0,-0.90979665517807,7.295132637023926,6.375759124755859
20.02,-0.8786720037460327,7.249642848968506,6.332663536071777
20.04,-0.8140285611152649,7.388506412506103,6.198588371276856
20.06,-0.974440097808838,7.546523571014404,6.256049156188965
20.08,-0.7637503147125244,7.503427982330322,6.256049156188965
20.1,-0.6105214357376099,7.630321025848389,6.370970726013184
20.12,-0.5746083855628967,7.556100368499756,6.440402507781982
20.14,-0.5793967843055725,7.560888767242432,6.531382083892822
20.16,-0.5889736413955688,7.553706169128418,6.5912370681762695
20.18,-0.5985504388809204,7.539340972900391,6.567295074462891
20.2,-0.6272808313369751,7.532158374786377,6.502651691436768
20.22,-0.6177040338516235,7.524975776672363,6.404489517211914
20.24,-0.5961562395095825,7.51779317855835,6.289567947387695
20.26,-0.5817909836769104,7.508216381072998,6.200982570648193
20.28,-0.5363011956214905,7.50582218170166,6.18182897567749
20.3,-0.5195417404174805,7.510610580444336,6.2392897605896
20.32,-0.5315127968788147,7.51779317855835,6.339846134185791
20.34,-0.5291185975074768,7.524975776672363,6.45476770401001
20.36,-0.5530605912208557,7.524975776672363,6.552929878234863
20.38,-0.5650315880775452,7.515398979187012,6.593631267547607
20.4,-0.5889736413955688,7.50582218170166,6.564900875091553
20.42,-0.6272808313369751,7.4986395835876465,6.490680694580078
20.44,-0.6200982332229614,7.493851184844971,6.387730121612549
20.46,-0.6105214357376099,7.486668586730957,6.270414352416992
20.48,-0.5961562395095825,7.481880187988281,6.189011573791504
20.5,-0.5530605912208557,7.486668586730957,6.18182897567749
20.52,-0.5602431893348694,7.493851184844971,6.275202751159668
20.54,-0.5578489899635315,7.501033782958984,6.392518520355225
20.56,-0.5746083855628967,7.503427982330322,6.50025749206543
20.58,-0.5985504388809204,7.4986395835876465,6.555324077606201
20.6,-0.6200982332229614,7.489062786102295,6.540958881378174
20.62,-0.6631938815116882,7.481880187988281,6.476315498352051
20.64,-1.0295066833496094,7.139509677886963,2.535459518432617
20.66,-0.7781155705451965,7.7643961906433105,6.153098583221436
20.68,-0.7852981686592102,7.762001991271973,6.160281181335449
20.7,-0.8068459630012512,7.752425193786621,6.100425720214844
20.72,-0.7852981686592102,7.742848396301269,5.992686748504639
20.74,-0.7589619159698486,7.735665798187256,5.889736175537109
20.76,-0.7182605266571045,7.738059997558594,5.846640586853027
20.78,-0.6631938815116882,7.750030994415283,5.880159378051758
20.8,-0.6488286852836609,7.762001991271973,5.973533153533936
20.82,-0.6200982332229614,7.773972988128662,6.09324312210083
20.84,-0.6105214357376099,7.781155586242676,6.205770969390869
20.86,-0.5961562395095825,7.7763671875,6.27280855178833
20.88,-0.5889736413955688,7.769184589385986,6.270414352416992
20.9,-0.6033388376235962,7.759607791900635,6.222530364990234
20.92,-0.5602431893348694,7.745242595672607,6.129156112670898
20.94,-0.5482721924781799,7.733271598815918,6.028599739074707
20.96,-0.5315127968788147,7.718906402587891,5.973533153533936
20.98,-0.4955997467041015,7.704541206359863,6.004657745361328
21.0,-0.4716577231884002,7.692570209503174,6.100425720214844
21.02,-0.4046200811862945,7.68538761138916,6.229712963104248
21.04,-0.3064578175544739,7.680599212646484,6.358999729156494
21.06,-0.2106897532939911,7.675810813903809,6.457161903381348
21.08,-0.1149216815829277,7.663839817047119,6.4834980964660645
21.1,-0.0790086537599563,7.627926826477051,6.449979305267334
21.12,-0.035913024097681,7.580042362213135,6.385335922241211
21.14,0.0119710080325603,7.532158374786377,6.291962146759033
21.16,0.0646434426307678,7.50582218170166,6.196194171905518
21.18,2.0614075660705566,5.492298603057861,4.139574527740479
21.2,1.237802267074585,5.726930618286133,6.2201361656188965
21.22,1.3048399686813354,5.559336185455322,7.213729858398437
21.24,1.314416766166687,5.554547786712647,7.213729858398437
21.26,1.3120225667953491,5.549759387969971,7.273584842681885
21.28,1.261744260787964,5.544970989227295,7.240066051483154
21.3,1.2425906658172607,5.544970989227295,7.163451671600342
21.32,1.2330138683319092,5.544970989227295,7.046135425567627
21.34,1.2473790645599363,5.556941986083984,6.957550048828125
21.36,1.280897855758667,5.580883979797363,6.94079065322876
21.38,1.280897855758667,5.609614372253418,6.991068840026856
21.4,1.292868971824646,5.638344764709473,7.084442615509033
21.42,1.2880805730819702,5.6670756340026855,7.196970462799072
21.44,1.2689268589019775,5.681440830230713,7.29034423828125
21.46,1.2425906658172607,5.686229228973389,7.326257228851318
21.48,1.161187767982483,5.681440830230713,7.307103633880615
21.5,1.1037269830703735,5.679046630859375,7.24485445022583
21.52,1.0606313943862915,5.679046630859375,7.144298076629639
21.54,1.0031704902648926,5.676652431488037,7.036558628082275
21.56,0.993593692779541,5.686229228973389,6.97430944442749
21.58,0.9792284965515136,5.702988624572754,6.983886241912842
21.6,0.9576807022094728,5.724536418914795,7.048529624938965
21.62,0.9720458984375,5.748478412628174,7.1490864753723145
21.64,0.9624691009521484,5.765237808227539,7.264008045196533
21.66,0.950498104095459,5.765237808227539,7.345410823822021
21.68,0.9241618514060974,5.75326681137085,7.374141216278076
21.7,0.8786720037460327,5.7341132164001465,7.3669586181640625
21.72,0.8571242094039917,5.7125654220581055,7.321468830108643
21.74,0.0407014302909374,4.414907932281494,2.5258827209472656
21.76,-0.0861912593245506,4.185064792633057,7.951143741607666
21.78,-0.3998316824436188,3.9624037742614746,9.493009567260742
21.8,-0.3495534360408783,2.729389905929565,9.378087997436523
21.82,-0.7134721279144287,0.5386953949928284,9.59835433959961
21.84,-0.5650315880775452,-1.5418659448623655,9.29429054260254
21.86,-0.1316810995340347,-2.3750481605529785,9.526528358459473
21.88,0.5027823448181152,-2.078166961669922,9.512163162231444
21.9,0.4716577231884002,-1.5729905366897583,9.5624418258667
21.92,0.0239420160651206,-0.8667010068893433,9.583989143371582
21.94,-0.5386953949928284,-0.8786720037460327,9.38048267364502
21.96,-0.8188169598579407,-1.5131354331970217,9.193734169006348
21.98,-1.0654197931289673,-2.4396915435791016,8.978256225585938
22.0,-1.000776290893555,-2.6384103298187256,8.865729331970215
22.02,-0.9361328482627868,-1.9776105880737305,8.96149730682373
22.04,-0.2442085742950439,-1.4628572463989258,8.401253700256348
22.06,0.0502782352268695,-1.5131354331970217,8.061277389526367
22.08,0.1795651316642761,-1.941697597503662,7.644686222076416
22.1,0.1149216815829277,-2.403778553009033,7.2352776527404785
22.12,-0.1053448766469955,-2.7006595134735107,7.328651428222656
22.14,-0.6009446382522583,-3.222595453262329,7.972691535949707
22.16,-0.969651699066162,-3.7014358043670654,8.185775756835938
22.18,-0.7805097699165344,-3.876212596893311,8.121131896972656
22.2,-0.4812345504760742,-3.914519786834717,8.362946510314941
22.22,-0.454898327589035,-4.290409564971924,8.504204750061035
22.24,-0.2777273952960968,-4.027047157287598,8.552088737487793
22.26,-0.4716577231884002,-4.163516521453857,8.695740699768066
22.28,-0.6560112833976746,-4.211400985717773,8.616731643676758
22.3,-0.6799532771110535,-4.266467571258545,8.62630844116211
22.32,-0.4836287498474121,-4.347870349884033,8.705317497253418
22.34,-0.524330198764801,-4.98472785949707,8.463502883911133
22.36,-0.586579442024231,-5.60722017288208,7.982268333435059
22.38,-0.4740519225597381,-6.406883716583252,7.429207801818848
22.4,-0.2059013396501541,-7.115567684173584,7.280767440795898
22.42,-0.119710087776184,-8.166622161865234,6.868964672088623
22.44,-0.3280056416988373,-7.618350028991699,7.067683219909668
22.46,-0.7805097699165344,-6.660669326782227,7.287950038909912
22.48,-1.070208191871643,-6.828263282775879,7.632715225219727
22.5,-0.871489405632019,-7.6997528076171875,8.030152320861816
22.52,-0.9768342971801758,-8.252813339233398,8.159439086914062
22.54,-1.4245500564575195,-7.316680431365967,8.04691219329834
22.56,-1.9584569931030276,-6.584054470062256,8.04930591583252
22.58,-2.209848165512085,-6.2392897605896,7.936778545379639
22.6,-2.4899697303771973,-6.00226354598999,8.044517517089844
22.62,-2.7940332889556885,-6.035782337188721,8.020575523376465
22.64,-3.263296842575073,-5.995080947875977,7.917624950408935
22.66,-3.440467834472656,-5.686229228973389,7.637503623962402
22.68,-3.936067581176758,-5.013458251953125,8.006210327148438
22.7,-4.38617753982544,-4.216189384460449,7.977479934692383
22.72,-4.884171485900879,-3.4117374420166016,7.931990146636963
22.74,-5.130774021148682,-2.7437551021575928,7.833827972412109
22.76,-5.355829238891602,-2.248155355453491,7.783549785614014
22.78,-5.537788391113281,-2.1739351749420166,7.441178798675537
22.8,-5.2696380615234375,-2.229001760482788,7.33583402633667
22.82,-5.590460777282715,-2.3558945655822754,7.709329605102539
22.84,-5.834669589996338,-2.38462495803833,8.056488990783691
22.86,-6.071695327758789,-1.9345149993896484,8.640673637390137
22.88,-6.114790916442871,-1.5298948287963867,8.238448143005371
22.9,-5.801150798797607,-1.7166426181793213,7.3693528175354
22.92,-5.841852188110352,-1.625662922859192,7.393294811248779
22.94,-6.050147533416748,-1.292868971824646,7.745242595672607
22.96,-7.010222434997559,-1.278503656387329,7.635109424591064
22.98,-7.453149795532227,-0.8882488012313843,8.20732307434082
23.0,-8.429984092712402,-1.6352397203445437,7.223306655883789
23.02,-8.944737434387207,-2.434903144836426,6.519411087036133
23.04,-9.255983352661133,-2.9472622871398926,5.95677375793457
23.06,-9.57201862335205,-2.030282974243164,5.894524574279785
23.08,-10.216058731079102,-0.8906430602073669,5.3797712326049805
23.1,-10.017339706420898,-0.5961562395095825,4.955997467041016
23.12,-9.421183586120604,-1.0582371950149536,4.448426723480225
23.14,-9.418789863586426,-1.5873557329177856,4.086902141571045
23.16,-10.6709566116333,-5.389348030090332,4.32871675491333
23.18,-8.820239067077637,-0.8738836050033569,7.074865818023682
23.2,-10.409989356994627,4.144362926483154,6.09324312210083
23.22,-9.938331604003906,2.6575639247894287,5.932831764221191
23.24,-8.7268648147583,-2.3032219409942627,5.772420406341553
23.26,-8.243236541748047,-0.7829039692878723,8.743624687194824
23.28,-8.219294548034668,-1.6519991159439087,8.044517517089844
23.3,-7.644686222076416,-1.766920804977417,4.211400985717773
23.32,-7.546523571014404,-1.824381709098816,2.454056739807129
23.34,-8.688557624816895,-3.976768970489502,1.946485996246338
23.36,-9.193734169006348,-5.128379821777344,4.963180065155029
23.38,-8.588001251220703,-5.6910176277160645,6.2632317543029785
23.4,-8.571242332458496,-3.550601005554199,3.378218650817871
23.42,-8.791508674621582,-2.183511972427368,2.22660756111145
23.44,-9.670180320739746,-1.6304513216018677,1.290474772453308
23.46,-9.952696800231934,-0.4596867263317108,0.8475474119186401
23.48,-9.828198432922363,-1.4652514457702637,0.6607996821403503
23.5,-8.83939266204834,-2.4803929328918457,0.9768342971801758
23.52,-8.865729331970215,-2.032677173614502,1.6711528301239014
23.54,-9.337387084960938,-1.3646949529647827,0.90979665517807
23.56,-8.858546257019043,-0.6224924325942993,0.5937620401382446
23.58,-9.32302188873291,-0.6416460275650024,0.4668693244457245
23.6,-9.57441234588623,-0.8475474119186401,0.4429273009300232
23.62,-9.92636013031006,-0.7134721279144287,1.3766659498214722
23.64,-9.852140426635742,-0.5530605912208557,0.0981622710824012
23.66,-9.567230224609377,0.3711012601852417,-0.5817909836769104
23.68,-9.32541561126709,-1.3072341680526731,0.2920926213264465
23.7,-9.5624418258667,-0.5506663918495178,-0.9169792532920836
23.72,-9.378087997436523,0.3543418645858764,-1.168370485305786
23.74,-9.397241592407228,-0.7350199222564697,-1.0606313943862915
23.76,-9.366117477416992,-0.9959878921508788,-1.1037269830703735
23.78,-9.96945571899414,-0.4620809257030487,-0.4596867263317108
23.8,-10.649409294128418,-0.9385270476341248,-0.237025961279869
23.82,-10.007762908935549,-1.4724340438842771,-0.9265560507774352
23.84,-10.41956615447998,-1.0893617868423462,-0.6105214357376099
23.86,-9.837775230407717,-0.4477157294750213,-1.5275006294250488
23.88,-9.852140426635742,-0.4429273009300232,-1.3407529592514038
23.9,-9.244012832641602,2.094926595687866,-1.802833914756775
23.92,-8.497021675109863,0.4285621047019958,-4.072536945343018
23.94,-7.987056732177734,0.871489405632019,-1.944091796875
23.96,-8.868123054504395,-1.7405846118927002,-2.851494312286377
23.98,-8.722076416015625,2.3104045391082764,-1.7717092037200928
24.0,-7.8960771560668945,-2.2457611560821533,-2.7078421115875244
24.02,-8.38688850402832,-3.3518824577331543,-0.3136404156684875
24.04,-11.231200218200684,-3.4979286193847656,0.1388636976480484
24.06,-10.046070098876951,-2.1763293743133545,-0.8882488012313843
24.08,-10.125079154968262,-2.27209734916687,-1.2282254695892334
24.1,-9.002198219299316,-1.9632453918457031,-3.1052796840667725
24.12,-9.761159896850586,-0.646434485912323,-2.523488521575928
24.14,-9.193734169006348,-1.0630255937576294,-2.9903578758239746
24.16,-8.226476669311523,-0.6488286852836609,-2.892195701599121
24.18,-9.14345645904541,-1.170764684677124,-1.656787633895874
24.2,-9.045293807983398,-2.0638017654418945,-1.8339585065841677
24.22,-8.60236644744873,-1.3192051649093628,-2.1954829692840576
24.24,-8.846575736999512,-0.2681505978107452,-2.0231003761291504
24.26,-9.131484985351562,-1.290474772453308,-3.1675288677215576
24.28,-8.89445972442627,0.2322375625371933,-3.1004912853240967
24.3,-9.255983352661133,-0.48602294921875,-2.808398485183716
24.32,-9.47146224975586,-1.273715257644653,-2.054224967956543
24.34,-9.873687744140623,-2.188300371170044,-1.2066776752471924
24.36,-10.347740173339844,-2.932897090911865,-0.48602294921875
24.38,-10.156203269958496,-1.874659895896912,-1.039083480834961
24.4,-9.706093788146973,-1.400607943534851,-2.2625205516815186
24.42,-8.738836288452148,-1.1228805780410769,-3.584120035171509
24.44,-8.60236644744873,-0.5889736413955688,-2.911349296569824
24.46,-8.638279914855957,-1.972822189331055,-2.1116859912872314
24.48,-8.741230010986328,-1.9345149993896484,-1.721431016921997
24.5,-9.260771751403809,-3.222595453262329,0.1651999205350875
24.52,-10.247182846069336,-4.525041103363037,1.256955862045288
24.54,-9.92636013031006,-4.165910720825195,0.7086837291717529
24.56,-8.815450668334961,-2.7964274883270264,-0.9840168952941896
24.58,-9.90241813659668,-1.8986018896102903,-0.0095768067985773
24.6,-10.251971244812012,-1.012747287750244,-1.5107412338256836
24.62,-10.594342231750488,-2.118868589401245,-1.113303780555725
24.64,-10.833763122558594,-1.867477297782898,-0.7852981686592102
24.66,-11.72201156616211,-1.6711528301239014,0.4788403511047363
24.68,-14.719552040100098,-1.4963760375976562,3.8738183975219727
24.7,-16.10100555419922,-1.4772224426269531,3.3446998596191406
24.72,-15.91665267944336,-0.2801215946674347,5.288791656494141
24.74,-15.452178001403809,-0.3303998410701751,3.634398221969605
24.76,-14.264654159545898,-0.5817909836769104,1.8387469053268437
24.78,-12.744335174560549,-5.078101634979248,-2.5115175247192383
24.8,-12.890381813049316,-6.469132900238037,-3.837905406951904
24.82,-12.76109504699707,-10.735600471496582,-7.213729858398437
24.84,-12.892776489257812,-8.96149730682373,-7.309497833251953
24.86,-12.464214324951172,-9.11233139038086,-3.756502389907837
24.88,-10.290278434753418,-9.057265281677246,-2.2673089504241943
24.9,-7.608773231506348,-7.996633529663086,-1.9345149993896484
24.92,-6.095637321472168,-7.575253963470459,-1.3886369466781616
24.94,-4.264073371887207,-7.548917770385742,-1.4700398445129397
24.96,-2.152387380599976,-6.33026933670044,0.4979939460754394
24.98,0.7733271718025208,-8.17141056060791,2.52109432220459
25.0,0.5626373887062073,-9.071630477905272,2.868253707885742
25.02,-0.6847416758537292,-8.87051773071289,5.195417881011963
25.04,-0.8954314589500427,-8.042123794555664,6.160281181335449
25.06,-1.3000515699386597,-8.310274124145508,5.822698593139648
25.08,-2.602497339248657,-8.125920295715332,4.7189717292785645
25.1,-4.431667327880859,-5.303156852722168,4.699818134307861
25.12,-6.301538944244385,-3.4524388313293457,5.904101371765137
25.14,-7.189787864685059,-2.106897592544556,7.575253963470459
25.16,-6.845022678375244,-3.066972494125366,8.609549522399902
25.18,-6.337451934814453,-3.608062028884888,7.989450931549072
25.2,-6.344634532928467,-3.026270866394043,6.794744491577148
25.22,-6.3063273429870605,-1.3838485479354858,5.456385612487793
25.24,-5.501875400543213,-1.0534487962722778,4.38617753982544
25.26,-4.608838081359863,-1.3934253454208374,4.570530891418457
25.28,-4.34068775177002,-1.845929503440857,5.554547786712647
25.3,-3.737348794937134,-1.5753847360610962,5.846640586853027
25.32,-3.471592426300049,-1.3239935636520386,6.076483726501465
25.34,-3.0190882682800293,-1.7717092037200928,6.428431510925293
25.36,-2.698265314102173,-1.807622313499451,7.161057472229004
25.38,-1.9632453918457031,-1.501164436340332,7.177816867828369
25.4,-1.417367458343506,-1.58256733417511,7.611167430877685
25.42,-1.261744260787964,-2.188300371170044,8.02536392211914
25.44,-1.192312479019165,-2.4588451385498047,8.968679428100586
25.46,-0.969651699066162,-2.391807556152344,9.311050415039062
25.48,-0.6153098344802856,-2.19308876991272,9.17697525024414
25.5,-0.507570743560791,-1.8842366933822632,8.956708908081055
25.52,-0.6272808313369751,-2.1092917919158936,8.968679428100586
25.54,-0.6488286852836609,-2.3965959548950195,9.081207275390623
25.56,-0.7852981686592102,-3.07415509223938,9.847352027893066
25.58,-0.5482721924781799,-2.767697095870972,10.079588890075684
25.6,-0.5937620401382446,-1.259350061416626,9.619902610778809
25.62,-0.5506663918495178,-0.9074024558067322,8.89685344696045
25.64,-0.2896983921527862,-1.2880805730819702,8.513781547546387
25.66,-0.0574608407914638,-2.078166961669922,8.334216117858887
25.68,0.0814028605818748,-3.064578056335449,8.489839553833008
25.7,0.0814028605818748,-2.6216509342193604,9.169792175292969
25.72,0.2202665507793426,-1.8148049116134644,9.23443603515625
25.74,0.6272808313369751,-1.3862427473068235,8.78432559967041
25.76,0.912190854549408,-2.1045033931732178,8.33182144165039
25.78,0.8858546018600464,-2.8993782997131348,8.494627952575684
25.8,0.3232172429561615,-0.912190854549408,9.92636013031006
25.82,1.1180921792984009,-2.451662540435791,9.35893440246582
25.84,1.0199298858642578,-2.1763293743133545,9.349357604980469
25.86,0.9385270476341248,-2.291250944137573,9.2033109664917
25.88,1.0342950820922852,-2.1811177730560303,9.160215377807615
25.9,1.09654438495636,-1.9345149993896484,9.409213066101074
25.92,1.048660397529602,-1.7693150043487549,9.641449928283691
25.94,1.1204863786697388,-2.054224967956543,9.603142738342283
25.96,0.933738648891449,-2.875436305999756,9.801861763000488
25.98,0.8068459630012512,-2.6216509342193604,9.770736694335938
26.0,0.5291185975074768,-2.2457611560821533,9.500192642211914
26.02,0.454898327589035,-2.1954829692840576,9.454702377319336
26.04,0.2801215946674347,-2.274491548538208,9.478644371032717
26.06,0.241814374923706,-2.391807556152344,9.619902610778809
26.08,0.1699883192777633,-2.2649147510528564,9.495404243469238
26.1,0.1268926858901977,-2.205059766769409,9.198522567749023
26.12,0.0239420160651206,-2.875436305999756,9.339780807495115
26.14,-0.3112462162971496,-3.16513466835022,9.53849983215332
26.16,-0.1412578970193863,-3.315969467163086,9.555258750915527
26.18,0.1723825186491012,-3.2752678394317627,9.433155059814451
26.2,0.2561795711517334,-2.9759926795959477,9.349357604980469
26.22,0.0861912593245506,-2.3965959548950195,9.763554573059082
26.24,-0.1963245421648025,-2.8874073028564453,9.758766174316406
26.26,-0.2585737705230713,-3.0550012588500977,9.720458984375
26.28,-0.2849099934101105,-3.28963303565979,9.65581512451172
26.3,-0.272938996553421,-2.956839084625244,9.677363395690918
26.32,-0.4022258818149566,-2.96162748336792,9.904812812805176
26.34,-0.5746083855628967,-3.3279404640197754,10.0580415725708
26.36,-0.7613561153411865,-3.426102638244629,10.093954086303713
26.38,-1.1540051698684692,-4.043806552886963,10.079588890075684
26.4,-1.7190368175506592,-3.098097085952759,10.10592555999756
26.42,-1.829170107841492,-2.889801502227783,10.062829971313477
26.44,-2.96162748336792,-1.8531121015548704,10.251971244812012
26.46,-2.1715409755706787,-2.7461493015289307,9.952696800231934
26.48,-2.099714994430542,-2.4229321479797363,9.373299598693848
26.5,-1.644816517829895,-2.3511061668396,9.129091262817385
26.52,-1.58256733417511,-2.3798365592956543,8.942343711853027
26.54,-0.4979939460754394,-2.6623523235321045,8.700529098510742
26.56,-0.1771709322929382,-3.24414324760437,8.695740699768066
26.58,-0.8092401623725891,-2.853888511657715,8.966285705566406
26.6,-1.1204863786697388,-2.324769735336304,9.251194953918455
26.62,-0.9528923034667968,-2.6791117191314697,9.27034854888916
26.64,-0.768538773059845,-2.454056739807129,9.361329078674316
26.66,-0.7493851184844971,-2.4229321479797363,9.476250648498535
26.68,-0.6584054827690125,-2.4899697303771973,9.639056205749512
26.7,-0.8020575642585754,-2.590526342391968,9.763554573059082
26.72,-0.9433154463768004,-1.8794482946395876,10.103530883789062
26.74,-1.0821791887283323,-2.0614075660705566,10.067618370056152
26.76,-1.0678139925003052,-2.585737943649292,10.019734382629396
26.78,-1.3862427473068235,-2.1045033931732178,9.737217903137209
26.8,-1.072602391242981,-2.231395959854126,9.660603523254396
26.82,-0.9624691009521484,-2.736572504043579,9.375694274902344
26.84,-1.0295066833496094,-2.80361008644104,9.385271072387695
26.86,-1.1468225717544556,-2.717418909072876,9.315838813781738
26.88,-1.3670891523361206,-2.698265314102173,9.227252960205078
26.9,-1.0271124839782717,-2.966415882110596,8.959102630615234
26.92,-1.4053963422775269,-2.9448680877685547,9.033323287963867
26.94,-1.417367458343506,-3.189076662063598,9.114726066589355
26.96,-1.556231141090393,-3.2082302570343018,9.198522567749023
26.98,-1.5298948287963867,-3.0406360626220703,9.263166427612305
27.0,-1.620874524116516,-2.8778305053710938,9.318233489990234
27.02,-1.4700398445129397,-2.8203697204589844,9.129091262817385
27.04,-1.434126853942871,-2.7964274883270264,9.05487060546875
27.06,-1.429338455200195,-2.779668092727661,9.188945770263672
27.08,-1.4389152526855469,-2.9712042808532715,9.162610054016112
27.1,-1.9752163887023928,-2.5522189140319824,9.442731857299805
27.12,-1.6950948238372805,-3.045424461364746,9.524134635925291
27.14,-1.764526605606079,-3.227383852005005,9.519346237182615
27.16,-1.4317326545715332,-3.155557870864868,9.263166427612305
27.18,-1.2473790645599363,-3.0765492916107178,9.071630477905272
27.2,-1.316810965538025,-2.80361008644104,9.220070838928224
27.22,-1.6280571222305298,-2.719813108444214,9.47146224975586
27.24,-1.5634137392044067,-2.8371291160583496,9.57201862335205
27.26,-1.577778935432434,-2.6647465229034424,9.62947940826416
27.28,-1.3479355573654177,-3.3470940589904785,9.60553741455078
27.3,-1.3742717504501345,-3.552995204925537,9.651026725769045
27.32,-1.2497732639312744,-3.201047658920288,9.667786598205566
27.34,-1.1276689767837524,-3.241749048233032,9.706093788146973
27.36,-0.9648633003234864,-2.9520506858825684,9.63187313079834
27.38,-0.7852981686592102,-2.738966703414917,9.742006301879885
27.4,-0.8523358106613159,-3.248931646347046,9.68933391571045
27.42,-0.8164227604866028,-2.9951462745666504,9.581595420837402
27.44,-0.7613561153411865,-2.7269957065582275,9.47146224975586
27.46,-0.7493851184844971,-2.4468741416931152,9.39245319366455
27.48,-0.5817909836769104,-2.542642116546631,9.378087997436523
27.5,-0.6536170840263367,-2.681505918502808,9.411606788635254
27.52,-0.629675030708313,-2.7054479122161865,9.363722801208496
27.54,-0.6200982332229614,-2.8562827110290527,9.337387084960938
27.56,-0.5195417404174805,-2.813186883926392,9.373299598693848
27.58,-0.5099649429321289,-2.7700912952423096,9.32302188873291
27.6,-0.5506663918495178,-2.813186883926392,9.299078941345217
27.62,-0.4165911078453064,-2.8203697204589844,9.220070838928224
27.64,-0.5482721924781799,-2.6599581241607666,9.066842079162598
27.66,-0.4788403511047363,-2.451662540435791,9.10993766784668
27.68,-0.6440402865409851,-3.0166940689086914,9.193734169006348
27.7,-0.8403648138046265,-2.736572504043579,9.375694274902344
27.72,-0.9074024558067322,-2.918531894683838,9.287108421325684
27.74,-0.6991068720817566,-2.1499931812286377,8.89445972442627
27.76,-0.6991068720817566,-2.288856744766236,8.801085472106934
27.78,0.1149216815829277,-2.7748796939849854,8.432378768920898
27.8,-0.5626373887062073,-1.6903064250946045,8.453926086425781
27.82,-0.0933738648891449,-1.5155296325683594,8.69334602355957
27.84,-0.7948749661445618,-2.078166961669922,9.181763648986816
27.86,-0.646434485912323,-2.683900117874145,9.232041358947754
27.88,-0.6177040338516235,-2.28406834602356,8.786720275878906
27.9,-0.8690952062606812,-2.1308395862579346,8.214506149291992
27.92,-1.994369983673096,-1.81959331035614,8.540117263793945
27.94,-2.432508945465088,-2.0638017654418945,9.586383819580078
27.96,-2.291250944137573,-3.098097085952759,10.453084945678713
27.98,-2.3942017555236816,-3.718195199966431,10.845733642578123
28.0,-2.626439332962036,-3.335123062133789,10.405200958251951
28.02,-2.647987127304077,-3.16513466835022,9.727641105651855
28.04,-2.518700122833252,-2.762908697128296,9.32302188873291
28.06,-2.252943754196167,-3.464409828186035,9.366117477416992
28.08,-1.9273324012756348,-3.557783842086792,9.821015357971191
28.1,-1.1324573755264282,-3.5458126068115234,9.93593692779541
28.12,-2.300827741622925,-3.3925838470458984,10.019734382629396
28.14,-1.3886369466781616,-2.966415882110596,9.464279174804688
28.16,-2.070984363555908,-2.918531894683838,9.241618156433104
28.18,-1.946485996246338,-3.078943490982056,9.14585018157959
28.2,-2.0183119773864746,-2.85867691040039,9.593565940856934
28.22,-2.1332337856292725,-2.9544448852539062,9.730035781860352
28.24,-1.8363527059555051,-2.8443117141723637,9.615114212036133
28.26,-1.9560627937316892,-3.3518824577331543,9.41639518737793
28.28,-1.7717092037200928,-3.112462282180786,9.253589630126951
28.3,-1.5418659448623655,-2.4229321479797363,9.239224433898926
28.32,-1.4772224426269531,-2.523488521575928,9.399636268615724
28.34,-2.030282974243164,-2.387019157409668,9.428366661071776
28.36,-1.5753847360610962,-2.8874073028564453,9.47146224975586
28.38,-1.5466543436050415,-2.7030537128448486,9.253589630126951
28.4,-1.5394717454910278,-2.8993782997131348,9.198522567749023
28.42,-1.479616641998291,-3.066972494125366,9.23443603515625
28.44,-1.4748282432556152,-2.5450363159179688,9.165003776550291
28.46,-1.4700398445129397,-1.965639591217041,9.311050415039062
28.48,-1.4532804489135742,-2.387019157409668,9.17936897277832
28.5,-1.482010841369629,-2.293645143508911,9.198522567749023
28.52,-1.5131354331970217,-2.3750481605529785,9.14585018157959
28.54,-1.4652514457702637,-2.4181437492370605,9.114726066589355
28.56,-1.429338455200195,-2.470816135406494,9.141061782836914
28.58,-1.3311761617660522,-2.6623523235321045,9.165003776550291
28.6,-1.403002142906189,-2.468421936035156,9.095572471618652
28.62,-1.5634137392044067,-2.8179752826690674,8.951920509338379
28.64,-1.5538369417190552,-2.8179752826690674,9.002198219299316
28.66,-1.7118542194366455,-2.729389905929565,9.081207275390623
28.68,-1.7980455160140991,-2.937685489654541,8.99740982055664
28.7,-2.1739351749420166,-3.0573954582214355,9.02135181427002
28.72,-2.75812029838562,-3.1675288677215576,9.282320022583008
28.74,-2.269703149795532,-2.8419175148010254,9.346963882446287
28.76,-1.620874524116516,-2.918531894683838,9.378087997436523
28.78,-1.908178806304932,-3.1723172664642334,9.66539192199707
28.8,-1.6855180263519287,-3.263296842575073,9.718064308166504
28.82,-1.8483237028121948,-3.600879430770874,9.821015357971191
28.84,-1.5921441316604614,-3.641580820083618,9.66539192199707
28.86,-0.4070142805576324,-3.3686418533325195,9.437943458557127
28.88,-1.8986018896102903,-3.574543237686157,9.452308654785156
28.9,-0.9768342971801758,-2.966415882110596,9.02135181427002
28.92,-1.359906554222107,-3.428496837615967,8.918401718139648
28.94,-1.4939818382263184,-3.3063924312591557,9.038111686706545
28.96,-1.45806884765625,-3.337517261505127,8.987833023071289
28.98,-1.3431471586227417,-3.227383852005005,8.99740982055664
29.0,-1.4101848602294922,-3.2345664501190186,8.853757858276367
29.02,-1.1492167711257937,-3.440467834472656,8.80587387084961
29.04,-1.113303780555725,-3.6320040225982666,8.901641845703125
29.06,-1.2425906658172607,-3.5170822143554688,9.097966194152832
29.08,-1.2042834758758545,-2.9735984802246094,9.038111686706545
29.1,-1.2186486721038818,-2.978386878967285,8.971074104309082
29.12,-1.113303780555725,-2.80361008644104,9.009381294250488
29.14,-1.1779472827911377,-3.045424461364746,9.160215377807615
29.16,-1.1516109704971311,-3.44765043258667,9.29429054260254
29.18,-1.3120225667953491,-3.272873640060425,9.253589630126951
29.2,-1.1899182796478271,-3.3016040325164795,9.315838813781738
29.22,-1.2114660739898682,-2.9712042808532715,9.29189682006836
29.24,-1.0654197931289673,-2.9520506858825684,9.165003776550291
29.26,-1.1013327836990356,-3.270479440689087,9.318233489990234
29.28,-1.0342950820922852,-3.5266590118408203,9.196128845214844
29.3,-1.0462661981582642,-3.399766445159912,9.090784072875977
29.32,-1.000776290893555,-3.3446998596191406,8.99740982055664
29.34,-0.9241618514060974,-3.1531636714935303,8.983044624328613
29.36,-1.070208191871643,-3.404554843902588,9.114726066589355
29.38,-1.161187767982483,-3.4356794357299805,9.169792175292969
29.4,-1.2042834758758545,-3.404554843902588,9.174580574035645
29.42,-1.2258312702178955,-3.4356794357299805,9.050082206726074
29.44,-0.8667010068893433,-2.722207307815552,8.707711219787598
29.46,-1.3623007535934448,-2.786850690841675,8.983044624328613
29.48,-1.139639973640442,-3.732560396194458,9.428366661071776
29.5,-1.2282254695892334,-3.8163576126098633,9.454702377319336
29.52,-1.2497732639312744,-3.9815573692321777,9.533711433410645
29.54,-1.2976573705673218,-3.4739866256713867,9.301473617553713
29.56,-1.194706678390503,-2.980781078338623,9.2033109664917
29.58,-1.1779472827911377,-3.4308910369873047,9.239224433898926
29.6,-1.2066776752471924,-3.3901896476745605,9.315838813781738
29.62,-1.070208191871643,-3.6296098232269287,9.172186851501465
29.64,-1.1516109704971311,-3.450044631958008,9.136273384094238
29.66,-1.1971008777618408,-3.272873640060425,9.016563415527344
29.68,-1.280897855758667,-3.296815633773804,9.035717010498049
29.7,-1.3910311460494995,-3.445256233215332,9.033323287963867
29.72,-1.3551181554794312,-3.421314239501953,9.227252960205078
29.74,-1.1420341730117798,-3.584120035171509,9.193734169006348
29.76,-1.1444283723831177,-3.5170822143554688,9.028534889221191
29.78,-1.4077905416488647,-3.136404275894165,8.937555313110352
29.8,-1.012747287750244,-2.9927520751953125,8.650250434875488
29.82,-0.5363011956214905,-3.6104562282562256,8.513781547546387
29.84,-1.2665326595306396,-3.5865142345428467,8.992621421813965
29.86,-1.659181833267212,-2.5929205417633057,9.2033109664917
29.88,-1.2114660739898682,-3.359065055847168,8.743624687194824
29.9,-1.4317326545715332,-2.96162748336792,8.449137687683105
29.92,-1.4484920501708984,-2.300827741622925,8.26239013671875
29.94,-1.357512354850769,-2.322375535964966,8.209717750549316
29.96,-2.049436569213867,-2.734178304672241,8.578424453735352
29.98,-2.140416383743286,-3.023876667022705,9.165003776550291
