name,arc,tstart,tstop
1_R_solidsingle_1_10_1,1,-0.08,0.09
2_R_solidsingle_1_10_1,1,-0.09,0.1
3_R_solidsingle_1_10_1,1,-0.1,0.02
4_R_solidsingle_1_10_1,1,-0.1,0.1
5_comp_solidsingle_1_100_1,1,-0.1,0.1
6_comp_solidsingle_1_100_1,1,-0.1,0.1
7_comp_solidsingle_1_100_1,1,-0.1,0.1
8_comp_solidsingle_1_100_0,0,-0.1,0.1
9_compR_solidsingle_1_100_0,0,-0.1,0.1
10_R_solidsingle_2_10_0,0,-0.1,0.1
11_R_solidsingle_2_10_1,1,-0.1,0.1
12_R_solidsingle_1_100_1,1,-0.1,0.1
13_R_solidsingle_1_100_0,0,-0.1,0.1
14_R_solidsingle_1_100_1,1,-0.1,0.1
15_R_solidsingle_1_100_0,0,-0.1,0.1
16_R_solidsingle_1_100_0,0,-0.1,0.1
17_R_solidsingle_1_100_1,1,-0.1,0.1
18_R_solidsingle_1_100_0,0,-0.1,0.1
19_R_solidsingle_1_100_1,1,-0.1,0.1
20_R_solidsingle_1_100_0,0,-0.1,0.1
21_R_solidsingle_1_100_0,0,-0.1,0.1
22_R_solidsingle_1_100_1,1,-0.1,0.1
23_R_solidsingle_1_100_0,0,-0.1,0.1
24_R_solidsingle_1_100_1,1,-0.1,0.1
25_R_multi_1_100_1,1,-0.1,0.1
26_R_multi_1_100_1,1,-0.1,0.1
27_R_multi_1_100_1,1,-0.1,0.1
28_R_multi_1_100_1,1,-0.1,0.1
29_R_multi_1_100_0,0,-0.1,0.1
30_RL_multi_1_100_0,0,-0.1,0.1
31_RL_multi_1_100_1,1,-0.1,0.1
32_RL_multi_1_100_1,1,-0.1,0.1
33_RL_multi_1_100_1,1,-0.1,0.1
34_RL_multi_1_100_0,0,-0.1,0.1
35_RL_multi_3_100_0,0,-0.1,0.1
36_RL_solidsingle_4_100_0,0,-0.1,0.1
37_RL_solidsingle_4_100_1,1,-0.1,0.1
38_R_solidsingle_4_100_1,1,-0.1,0.04
39_R_multi_4_100_1,1,-0.1,0.1
40_R_multi_4_100_0,0,-0.1,0.1
41_RL_multi_4_100_0,0,-0.1,0.1
42_RL_multi_4_100_1,1,-0.1,0.1
43_RL_multi_4_100_1,1,-0.1,0.1
44_RL_multi_4_100_0,0,-0.1,0.1
45_RL_multi_4_100_1,1,-0.1,0.1
46_RL_multi_4_100_0,0,-0.1,0.1
47_RL_multi_4_100_1,1,-0.1,0.1
48_R_solidsingle_5_10_1,1,-0.1,0.1
49_R_solidsingle_5_10_1,1,0.01,0.06
50_comp_solidsingle_5_100_1,1,-0.2,0.0
51_comp_solidsingle_5_100_1,1,-0.5,0.25
52_comp_solidsingle_5_100_1,1,0.0,0.06
53_R_solidsingle_6_10_1,1,-0.1,0.1
54_R_solidsingle_6_10_1,1,-0.1,0.1
55_RL_solidsingle_6_10_1,1,-0.04,0.1
56_RL_solidsingle_6_10_1,1,-0.1,0.1
57_R_solidsingle_6_10_1,1,-0.1,0.1
58_R_solidsingle_6_10_1,1,-0.1,0.0
59_R_solidsingle_6_10_1,1,-0.1,0.1
60_R_solidsingle_6_10_1,1,-0.1,0.1
61_R_solidsingle_6_10_1,1,-0.1,0.1
62_comp_solidsingle_6_100_1,1,-0.1,0.02
63_comp_solidsingle_6_100_1,1,-0.1,0.1
64_comp_solidsingle_6_100_1,1,-0.1,0.1
65_R_solidsingle_2_10_1,1,-0.1,0.1
66_R_solidsingle_2_10_1,1,-0.1,0.1
67_R_solidsingle_2_10_1,1,-0.1,0.1
68_R_solidsingle_2_10_1,1,-0.1,0.1
69_RL_solidsingle_2_10_1,1,-0.1,0.1
70_RL_solidsingle_2_10_1,1,-0.1,0.1
71_RL_solidsingle_2_10_1,1,-0.1,0.1
72_comp_solidsingle_2_100_1,1,-0.1,0.04
73_R_solidsingle_3_10_1,1,-0.05,0.1
74_R_solidsingle_3_10_0,0,-0.1,0.1
75_R_solidsingle_10_10_0,0,-0.02,0.1
76_R_solidsingle_7_10_0,0,-0.1,0.1
77_R_solidsingle_7_10_1,1,-0.1,0.1
78_R_solidsingle_7_10_1,1,-0.1,0.1
79_R_solidsingle_8_10_1,1,-0.1,0.1
80_R_solidsingle_8_10_1,1,-0.1,0.1
81_R_solidsingle_7_10_1,1,-0.02,0.08
82_R_solidsingle_7_10_0,0,-0.1,0.1
83_R_solidsingle_7_10_0,0,-0.1,0.1
84_R_solidsingle_7_10_1,1,-0.1,0.1
85_R_solidsingle_7_10_1,1,-0.1,0.1
86_R_solidsingle_7_10_1,1,-0.1,0.1
87_RL_solidsingle_7_10_0,0,-0.1,0.1
88_RL_solidsingle_7_10_1,1,-0.1,0.05
89_RL_solidsingle_7_10_1,1,-0.1,0.1
90_RL_solidsingle_7_10_1,1,-0.1,0.04
91_RL_solidsingle_7_10_1,1,-0.1,0.1
92_RL_solidsingle_7_10_1,1,-0.1,0.04
93_RL_solidsingle_9_10_0,0,-0.1,0.1
94_RL_solidsingle_9_10_0,0,-0.1,0.1
95_RL_solidsingle_9_10_0,0,-0.1,0.1
96_RL_solidsingle_9_10_0,0,-0.1,0.1
97_RL_solidsingle_9_10_0,0,-0.1,0.1
98_RL_solidsingle_9_10_0,0,-0.1,0.1
99_R_solidsingle_9_10_0,0,-0.1,0.1
100_R_solidsingle_9_10_0,0,-0.1,0.1
101_R_solidsingle_9_10_0,0,-0.1,0.1
102_R_solidsingle_9_10_0,0,-0.1,0.1
103_R_solidsingle_9_10_0,0,-0.1,0.1
104_R_solidsingle_9_10_0,0,-0.1,0.1
105_R_solidsingle_9_10_1,1,-0.03,0.1
106_R_solidsingle_9_10_1,1,-0.1,0.1
107_R_solidsingle_9_10_1,1,-0.1,0.02
108_R_solidsingle_9_10_1,1,0.0,0.1
109_R_solidsingle_9_10_1,1,-0.1,0.1
110_R_solidsingle_9_10_1,1,-0.1,0.1
111_R_solidsingle_9_10_1,1,-0.1,0.1
112_RL_solidsingle_9_10_1,1,-0.1,0.06
113_RL_solidsingle_9_10_1,1,-0.1,-0.02
114_R_solidsingle_10_10_0,0,-0.1,0.1
115_R_solidsingle_10_10_0,0,-0.1,0.1
116_R_solidsingle_10_10_0,0,-0.1,0.1
117_R_solidsingle_10_10_0,0,-0.1,0.1
118_R_solidsingle_10_10_0,0,-0.1,0.1
119_R_solidsingle_10_10_0,0,-0.1,0.1
120_R_solidsingle_10_10_1,1,-0.1,0.05
121_R_solidsingle_10_10_1,1,-0.1,0.1
122_R_solidsingle_10_10_1,1,-0.07,0.1
123_R_solidsingle_10_10_1,1,-0.07,0.1
124_R_solidsingle_10_10_1,1,-0.1,0.04
125_RL_solidsingle_10_10_1,1,-0.1,0.1
126_RL_solidsingle_10_10_1,1,-0.08,0.1
127_RL_solidsingle_10_10_1,1,-0.1,0.1
128_RL_solidsingle_10_10_1,1,-0.04,0.1
129_RL_solidsingle_11_10_0,0,0.1,0.1
130_RL_solidsingle_11_10_1,1,0.1,0.1
131_RL_solidsingle_11_10_0,0,0.1,0.1
132_RL_solidsingle_11_10_0,0,0.1,0.1
133_RL_solidsingle_11_10_1,1,-0.04,0.1
134_RL_solidsingle_11_10_0,0,-0.1,0.1
135_R_solidsingle_11_10_0,0,-0.1,0.1
136_R_solidsingle_11_10_1,1,-0.01,0.1
137_R_solidsingle_11_10_0,0,-0.1,0.1
138_R_solidsingle_11_10_1,1,-0.1,0.08
139_R_solidsingle_11_10_0,0,-0.1,0.1
140_R_solidsingle_11_10_1,1,-0.1,0.06
141_R_solidsingle_11_10_0,0,-0.1,0.1
142_R_solidsingle_11_10_1,1,-0.08,0.1
143_R_solidsingle_11_10_0,0,-0.1,0.1
144_R_solidsingle_11_10_1,1,-0.05,0.07
145_R_solidsingle_12_10_0,0,-0.1,0.1
146_R_solidsingle_12_10_1,1,-0.1,0.06
147_R_solidsingle_12_10_0,0,-0.1,0.1
148_R_solidsingle_12_10_1,1,-0.1,0.1
149_R_solidsingle_12_10_1,1,-0.1,0.1
150_R_solidsingle_12_10_0,0,-0.1,0.1
151_R_solidsingle_12_10_1,1,-0.1,0.1
152_RL_solidsingle_12_10_0,0,-0.1,0.1
153_RL_solidsingle_12_10_1,1,-0.02,0.1
154_RL_solidsingle_12_10_0,0,-0.1,0.1
155_RL_solidsingle_12_10_1,1,-0.1,0.1
156_RL_solidsingle_12_10_0,0,-0.1,0.1
157_RL_solidsingle_12_10_1,1,-0.1,0.1
158_RL_solidsingle_12_10_0,0,-0.1,0.1
159_RL_solidsingle_12_10_1,1,-0.1,0.1
160_RL_solidsingle_12_10_0,0,-0.1,0.1
161_RL_solidsingle_12_10_1,1,-0.1,0.1
162_R_solidsingle_13_10_0,0,-0.1,0.1
163_R_solidsingle_13_10_0,0,-0.1,0.1
164_R_solidsingle_13_10_1,1,-0.1,0.1
165_R_solidsingle_13_10_1,1,-0.01,0.1
166_R_solidsingle_13_10_0,0,-0.1,0.1
167_R_solidsingle_13_10_1,1,-0.1,0.1
168_R_solidsingle_13_10_0,0,-0.1,0.1
169_RL_solidsingle_13_10_0,0,-0.1,0.1
170_RL_solidsingle_13_10_1,1,-0.1,0.04
171_RL_solidsingle_13_10_0,0,-0.1,0.1
172_RL_solidsingle_13_10_1,1,-0.1,0.1
173_RL_solidsingle_13_10_0,0,-0.1,0.1
174_RL_solidsingle_13_10_1,1,-0.1,0.04
175_RL_solidsingle_14_10_0,0,-0.1,0.1
176_RL_solidsingle_14_10_1,1,-0.1,0.1
177_RL_solidsingle_14_10_0,0,-0.1,0.1
178_RL_solidsingle_14_10_1,1,0.08,0.1
179_RL_solidsingle_14_10_0,0,-0.1,0.1
180_RL_solidsingle_14_10_1,1,-0.1,0.1
181_RL_solidsingle_14_10_0,0,-0.1,0.1
182_RL_solidsingle_14_10_1,1,-0.1,0.1
183_R_solidsingle_14_10_0,0,-0.1,0.1
184_R_solidsingle_14_10_1,1,-0.1,0.06
185_R_solidsingle_14_10_0,0,-0.1,0.1
186_R_solidsingle_14_10_1,1,-0.1,0.1
187_R_solidsingle_14_10_0,0,-0.1,0.1
188_R_solidsingle_14_10_1,1,-0.07,0.1
189_R_solidsingle_14_10_0,0,-0.1,0.1
190_R_solidsingle_14_10_1,1,-0.1,0.1
191_R_solidsingle_14_10_0,0,-0.1,0.1
192_R_solidsingle_14_10_1,1,-0.1,0.1
193_R_solidsingle_15_10_0,0,-0.1,0.1
194_R_solidsingle_15_10_1,1,-0.1,0.1
195_R_solidsingle_15_10_0,0,-0.1,0.1
196_R_solidsingle_15_10_1,1,-0.1,0.1
197_R_solidsingle_15_10_0,0,-0.1,0.1
198_R_solidsingle_15_10_1,1,-0.05,0.1
199_R_solidsingle_15_10_0,0,-0.1,0.1
200_RL_solidsingle_15_10_0,0,-0.1,0.1
201_RL_solidsingle_15_10_1,1,-0.1,0.1
202_RL_solidsingle_15_10_0,0,-0.1,0.1
203_RL_solidsingle_15_10_1,1,-0.1,0.1
204_RL_solidsingle_15_10_0,0,-0.1,0.1
205_RL_solidsingle_15_10_1,1,-0.06,0.0
206_RL_solidsingle_16_10_0,0,-0.1,0.1
207_RL_solidsingle_16_10_1,1,-0.04,0.1
208_RL_solidsingle_16_10_0,0,-0.1,0.1
209_RL_solidsingle_16_10_1,1,-0.1,0.1
210_RL_solidsingle_16_10_0,0,-0.1,0.1
211_RL_solidsingle_16_10_1,1,-0.1,0.1
212_RL_solidsingle_16_10_0,0,-0.1,0.1
213_RL_solidsingle_16_10_1,1,-0.1,0.1
214_RL_solidsingle_16_10_0,0,-0.1,0.1
215_RL_solidsingle_16_10_1,1,-0.1,0.1
216_R_solidsingle_16_10_0,0,-0.1,0.1
217_R_solidsingle_16_10_1,1,-0.1,0.1
218_R_solidsingle_16_10_0,0,-0.1,0.1
219_R_solidsingle_16_10_1,1,-0.1,0.1
220_R_solidsingle_16_10_0,0,-0.1,0.1
221_R_solidsingle_16_10_1,1,-0.1,0.06
222_R_solidsingle_16_10_0,0,-0.1,0.1
223_R_solidsingle_16_10_1,1,-0.06,0.1
224_cleaner_solidsingle_1_10_0,0,-0.1,0.1
225_cleaner_solidsingle_12_10_1,1,-0.09,0.05
226_cleaner_solidsingle_12_10_1,1,-0.1,0.05
227_cleaner_solidsingle_12_10_1,1,-0.1,0.1
228_cleaner_solidsingle_12_10_1,1,-0.1,0.06
229_cleaner_solidsingle_12_10_1,1,-0.1,0.01
230_cleaner_solidsingle_10_10_0,0,-0.1,0.1
231_cleaner_solidsingle_10_10_1,1,-0.1,0.1
232_cleaner_solidsingle_10_10_1,1,0.0,0.1
233_cleaner_solidsingle_11_10_0,0,-0.1,0.1
234_cleaner_solidsingle_11_10_1,1,-0.1,0.1
235_cleaner_solidsingle_11_10_1,1,-0.1,0.1
236_cleaner_solidsingle_1_10_0,0,-0.1,0.1
237_cleaner_solidsingle_1_10_1,1,-0.1,0.1
238_cleaner_solidsingle_1_10_1,1,-0.1,0.1
239_cleaner_solidsingle_1_10_1,1,-0.1,0.1
240_cleaner_solidsingle_1_10_1,1,-0.08,0.1
241_cleaner_solidsingle_1_10_1,1,-0.1,0.1
242_cleaner_solidsingle_1_10_1,1,-0.1,0.1
243_cleaner_solidsingle_1_10_1,1,-0.1,0.1
244_cleaner_solidsingle_1_10_1,1,-0.1,0.1
245_cleaner_solidsingle_1_10_1,1,-0.1,0.1
246_cleaner_solidsingle_9_10_0,0,-0.1,0.1
247_cleaner_solidsingle_9_10_1,1,0.0,0.1
248_cleaner_solidsingle_9_10_1,1,-0.1,0.1
249_cleaner_solidsingle_9_10_1,1,-0.1,0.02
250_cleaner_solidsingle_7_10_0,0,-0.1,0.1
251_cleaner_solidsingle_7_10_1,1,-0.1,0.04
252_drill_solidsingle_1_10_0,0,-0.1,0.1
253_drill_solidsingle_1_10_0,0,-0.1,0.1
254_drill_solidsingle_1_10_0,0,-0.1,0.1
255_drill_solidsingle_1_10_0,0,-0.1,0.1
256_drill_solidsingle_1_10_0,0,-0.1,0.1
257_drill_solidsingle_10_10_1,1,-0.1,0.06
258_drill_solidsingle_10_10_1,1,-0.1,0.1
259_drill_solidsingle_10_10_1,1,-0.1,0.1
260_drill_solidsingle_6_10_1,1,-0.1,0.1
261_drill_solidsingle_6_10_1,1,-0.1,0.1
262_drill_solidsingle_6_10_1,1,-0.1,0.1
263_drill_solidsingle_1_10_1,1,-0.1,0.1
264_drill_solidsingle_1_10_1,1,-0.1,0.1
265_drill_solidsingle_1_10_1,1,-0.1,0.1
266_drill_solidsingle_7_10_1,1,-0.1,0.1
267_drill_solidsingle_7_10_1,1,-0.1,0.1
268_drill_solidsingle_7_10_1,1,-0.1,0.1
269_drill_solidsingle_3_10_1,1,-0.1,0.1
270_drill_solidsingle_3_10_1,1,0.0,0.1
271_drill_solidsingle_3_10_1,1,-0.04,0.1
272_drill_solidsingle_2_10_1,1,-0.06,0.1
273_drill_solidsingle_1_10_0,0,0.0,0.2
274_RC_solidsingle_10_10_0,0,-0.1,0.1
275_RC_solidsingle_10_10_1,1,-0.1,0.1
276_RC_solidsingle_10_10_1,1,-0.1,0.1
277_RC_solidsingle_10_10_1,1,-0.1,0.1
278_RC_solidsingle_1_10_1,1,-0.1,0.1
279_RC_solidsingle_1_10_1,1,-0.06,0.1
280_RC_solidsingle_1_10_1,1,-0.1,0.1
281_RC_solidsingle_3_10_1,1,-0.1,0.1
282_RC_solidsingle_3_10_1,1,-0.1,0.1
283_RC_solidsingle_3_10_1,1,-0.1,0.1
284_RC_solidsingle_4_10_1,1,-0.06,0.1
285_RC_solidsingle_4_10_1,1,-0.1,0.1
286_RC_solidsingle_4_10_1,1,-0.1,0.1
287_drill2_solidsingle_10_10_0,0,-0.1,0.1
288_drill2_solidsingle_10_10_0,0,-0.1,0.1
289_drill2_solidsingle_10_10_1,1,-0.04,0.1
290_drill2_solidsingle_10_10_0,0,0.0,0.2
291_drill2_solidsingle_10_10_1,1,0.05,0.2
